clonesize,honeybee,bumbles,andrena,osmia,MaxOfUpperTRange,MinOfUpperTRange,AverageOfUpperTRange,MaxOfLowerTRange,MinOfLowerTRange,AverageOfLowerTRange,RainingDays,AverageRainingDays,fruitset,fruitmass,seeds,yield
25.0,0.5,0.25,0.63,0.63,86.0,52.0,71.9,62.0,30.0,50.8,1.0,0.1,0.523276949,0.459464772,37.20361319,6306.550622
25.0,0.5,0.38,0.38,0.5,77.4,46.8,64.7,55.8,27.0,45.8,34.0,0.56,0.504169517,0.453131061,36.43071573,5794.891846
12.5,0.25,0.25,0.63,0.5,86.0,52.0,71.9,62.0,30.0,50.8,24.0,0.39,0.532627825,0.460285638,37.19103587,6255.890642
12.5,0.25,0.25,0.75,0.5,69.7,42.1,58.2,50.2,24.3,41.2,1.0,0.1,0.520986614,0.433668483,35.6972028,6598.854044
12.5,0.25,0.25,0.38,0.75,86.0,52.0,71.9,62.0,30.0,50.8,34.0,0.56,0.490320807,0.441301913,35.09473308,5601.205307
12.5,0.25,0.25,0.63,0.75,77.4,46.8,64.7,55.8,27.0,45.8,1.0,0.1,0.603544257,0.50020424,42.02254143,7878.817681
12.5,0.25,0.25,0.5,0.63,86.0,52.0,71.9,62.0,30.0,50.8,34.0,0.56,0.480963646,0.437059543,34.66057255,5291.89688
12.5,0.25,0.25,0.75,0.5,77.4,46.8,64.7,55.8,27.0,45.8,1.0,0.1,0.593029845,0.491414051,40.82972076,7639.547887
12.5,0.25,0.25,0.25,0.75,94.6,57.2,79.0,68.2,33.0,55.9,24.0,0.39,0.449195313,0.422918386,33.23244939,4905.498714
25.0,0.5,0.38,0.5,0.63,77.4,46.8,64.7,55.8,27.0,45.8,24.0,0.39,0.526501878,0.463561831,37.67361372,6591.781181
12.5,0.25,0.25,0.38,0.38,69.7,42.1,58.2,50.2,24.3,41.2,24.0,0.39,0.481472551,0.411546877,33.47013876,5741.210297
12.5,0.25,0.25,0.38,0.5,86.0,52.0,71.9,62.0,30.0,50.8,24.0,0.39,0.521523421,0.455614374,36.67877702,6098.113172
25.0,0.5,0.38,0.38,0.5,94.6,57.2,79.0,68.2,33.0,55.9,1.0,0.1,0.53513718,0.469892556,38.52587501,6528.79888
25.0,0.5,0.38,0.38,0.75,94.6,57.2,79.0,68.2,33.0,55.9,16.0,0.26,0.531583632,0.465366894,37.90930402,6465.372048
12.5,0.25,0.25,0.63,0.63,69.7,42.1,58.2,50.2,24.3,41.2,16.0,0.26,0.536128074,0.445071322,36.9753139,6771.674965
12.5,0.25,0.25,0.38,0.38,86.0,52.0,71.9,62.0,30.0,50.8,24.0,0.39,0.500183678,0.445339632,35.50564628,5534.804936
25.0,0.5,0.25,0.63,0.63,94.6,57.2,79.0,68.2,33.0,55.9,16.0,0.26,0.479965751,0.437359742,34.53114233,5514.667479
12.5,0.25,0.25,0.25,0.25,77.4,46.8,64.7,55.8,27.0,45.8,16.0,0.26,0.538125922,0.465041445,37.81761708,6125.695384
25.0,0.5,0.38,0.5,0.63,94.6,57.2,79.0,68.2,33.0,55.9,16.0,0.26,0.527591617,0.464639165,37.78228845,6327.477365
25.0,0.5,0.38,0.38,0.63,94.6,57.2,79.0,68.2,33.0,55.9,34.0,0.56,0.378917495,0.399556226,30.68026439,3983.097848
12.5,0.25,0.25,0.5,0.5,69.7,42.1,58.2,50.2,24.3,41.2,16.0,0.26,0.535863236,0.446575791,37.02177209,6539.11085
12.5,0.25,0.25,0.75,0.75,94.6,57.2,79.0,68.2,33.0,55.9,24.0,0.39,0.488014406,0.437317312,34.78105469,5675.721494
25.0,0.5,0.25,0.38,0.5,86.0,52.0,71.9,62.0,30.0,50.8,16.0,0.26,0.495479339,0.448400516,35.92331365,5946.052257
25.0,0.5,0.25,0.5,0.5,94.6,57.2,79.0,68.2,33.0,55.9,24.0,0.39,0.363981224,0.388819023,29.52823594,3937.915393
25.0,0.5,0.38,0.38,0.63,94.6,57.2,79.0,68.2,33.0,55.9,16.0,0.26,0.51884433,0.461179325,37.405241,6226.285142
12.5,0.25,0.25,0.38,0.63,77.4,46.8,64.7,55.8,27.0,45.8,1.0,0.1,0.61854944,0.508131009,42.92385344,8175.456195
12.5,0.25,0.25,0.25,0.75,77.4,46.8,64.7,55.8,27.0,45.8,1.0,0.1,0.635017998,0.521522083,44.56159301,8621.81568
12.5,0.25,0.38,0.38,0.5,69.7,42.1,58.2,50.2,24.3,41.2,34.0,0.56,0.483872542,0.417947008,34.20739786,5665.219597
25.0,0.5,0.38,0.63,0.5,86.0,52.0,71.9,62.0,30.0,50.8,24.0,0.39,0.485336051,0.444703745,35.55753695,5605.221001
25.0,0.5,0.25,0.75,0.5,94.6,57.2,79.0,68.2,33.0,55.9,16.0,0.26,0.476911433,0.438586418,34.77712169,5498.438442
12.5,0.25,0.25,0.5,0.63,77.4,46.8,64.7,55.8,27.0,45.8,1.0,0.1,0.607690073,0.501568683,42.1419027,7895.020796
25.0,0.5,0.25,0.63,0.63,69.7,42.1,58.2,50.2,24.3,41.2,24.0,0.39,0.439101795,0.398255665,31.86729396,5178.270314
12.5,0.25,0.25,0.38,0.5,94.6,57.2,79.0,68.2,33.0,55.9,24.0,0.39,0.43687052,0.415160646,32.26534639,4769.318273
12.5,0.25,0.25,0.5,0.5,69.7,42.1,58.2,50.2,24.3,41.2,34.0,0.56,0.439423956,0.393781726,31.39456852,4952.9856
25.0,0.25,0.25,0.25,0.25,77.4,46.8,64.7,55.8,27.0,45.8,1.0,0.1,0.502621602,0.454522205,36.61704886,5831.7066
12.5,0.25,0.25,0.63,0.5,69.7,42.1,58.2,50.2,24.3,41.2,1.0,0.1,0.529511192,0.436996925,36.2629303,6830.966046
25.0,0.5,0.25,0.5,0.63,94.6,57.2,79.0,68.2,33.0,55.9,16.0,0.26,0.49154744,0.448887241,36.03604274,5912.433762
25.0,0.5,0.38,0.5,0.63,94.6,57.2,79.0,68.2,33.0,55.9,34.0,0.56,0.395911623,0.408088064,31.67018669,4201.435956
12.5,0.25,0.38,0.5,0.63,94.6,57.2,79.0,68.2,33.0,55.9,16.0,0.26,0.614291616,0.509645194,43.17615175,7998.350591
25.0,0.5,0.25,0.5,0.5,94.6,57.2,79.0,68.2,33.0,55.9,1.0,0.1,0.492814967,0.446434723,35.61618557,5773.008415
12.5,0.25,0.25,0.75,0.75,69.7,42.1,58.2,50.2,24.3,41.2,16.0,0.26,0.528518697,0.437693166,36.31013579,6757.073662
12.5,0.25,0.38,0.38,0.63,94.6,57.2,79.0,68.2,33.0,55.9,16.0,0.26,0.612390179,0.510402544,43.33471751,7714.323102
25.0,0.25,0.25,0.25,0.25,94.6,57.2,79.0,68.2,33.0,55.9,24.0,0.39,0.315500071,0.367762987,27.40175511,3049.260316
12.5,0.25,0.25,0.38,0.63,86.0,52.0,71.9,62.0,30.0,50.8,24.0,0.39,0.552926828,0.472468254,38.64034468,6524.295322
25.0,0.5,0.25,0.75,0.75,94.6,57.2,79.0,68.2,33.0,55.9,24.0,0.39,0.403217329,0.404869033,31.23191007,4218.327986
25.0,0.5,0.25,0.5,0.75,69.7,42.1,58.2,50.2,24.3,41.2,16.0,0.26,0.469150447,0.415270878,33.59602928,5892.160998
25.0,0.5,0.25,0.63,0.5,86.0,52.0,71.9,62.0,30.0,50.8,34.0,0.56,0.386518419,0.399983862,30.65269019,4125.757119
12.5,0.25,0.25,0.63,0.5,77.4,46.8,64.7,55.8,27.0,45.8,34.0,0.56,0.543972464,0.466640196,37.96058614,6451.100519
12.5,0.25,0.25,0.5,0.75,77.4,46.8,64.7,55.8,27.0,45.8,1.0,0.1,0.608455265,0.502418156,42.18519611,7858.685578
25.0,0.5,0.38,0.38,0.5,69.7,42.1,58.2,50.2,24.3,41.2,1.0,0.1,0.507541905,0.43494618,35.93380223,6251.611839
12.5,0.25,0.25,0.25,0.63,86.0,52.0,71.9,62.0,30.0,50.8,24.0,0.39,0.540978199,0.466453575,37.96686445,6443.256903
25.0,0.5,0.25,0.63,0.75,77.4,46.8,64.7,55.8,27.0,45.8,34.0,0.56,0.479449351,0.43910209,34.86353984,5720.723161
12.5,0.25,0.25,0.75,0.63,94.6,57.2,79.0,68.2,33.0,55.9,1.0,0.1,0.599953146,0.497740882,41.66192928,7532.829529
12.5,0.25,0.25,0.5,0.63,69.7,42.1,58.2,50.2,24.3,41.2,16.0,0.26,0.534126224,0.441974474,36.7513957,6731.712208
12.5,0.25,0.25,0.38,0.75,86.0,52.0,71.9,62.0,30.0,50.8,1.0,0.1,0.630637776,0.51715975,43.97470322,8357.067222
12.5,0.25,0.25,0.25,0.75,86.0,52.0,71.9,62.0,30.0,50.8,34.0,0.56,0.474162324,0.435287772,34.50605382,5217.139763
12.5,0.25,0.25,0.75,0.63,77.4,46.8,64.7,55.8,27.0,45.8,1.0,0.1,0.58492102,0.486889324,40.33593654,7479.93417
12.5,0.25,0.25,0.25,0.75,77.4,46.8,64.7,55.8,27.0,45.8,24.0,0.39,0.585377664,0.488527456,40.56148952,7322.609141
25.0,0.5,0.25,0.63,0.63,77.4,46.8,64.7,55.8,27.0,45.8,1.0,0.1,0.5143032,0.454917386,36.6742427,6157.054843
25.0,0.5,0.25,0.5,0.63,86.0,52.0,71.9,62.0,30.0,50.8,24.0,0.39,0.463187081,0.433693695,34.31778045,5018.45303
25.0,0.5,0.25,0.63,0.63,77.4,46.8,64.7,55.8,27.0,45.8,24.0,0.39,0.484089347,0.442111609,35.27931173,5529.066137
12.5,0.25,0.25,0.25,0.38,77.4,46.8,64.7,55.8,27.0,45.8,34.0,0.56,0.508341786,0.450021969,35.97225667,5728.748277
25.0,0.5,0.38,0.38,0.5,69.7,42.1,58.2,50.2,24.3,41.2,24.0,0.39,0.470881648,0.413625114,33.87425241,5569.139254
25.0,0.5,0.38,0.63,0.5,94.6,57.2,79.0,68.2,33.0,55.9,34.0,0.56,0.363726236,0.391441876,29.73999168,3631.905444
12.5,0.25,0.25,0.75,0.5,69.7,42.1,58.2,50.2,24.3,41.2,16.0,0.26,0.527724447,0.437516086,36.24969463,6920.084268
25.0,0.5,0.38,0.38,0.75,86.0,52.0,71.9,62.0,30.0,50.8,1.0,0.1,0.571708025,0.491813116,41.21921269,7628.6476
25.0,0.5,0.25,0.5,0.75,77.4,46.8,64.7,55.8,27.0,45.8,1.0,0.1,0.53990422,0.468904437,38.34178123,7293.53617
12.5,0.25,0.25,0.38,0.38,77.4,46.8,64.7,55.8,27.0,45.8,24.0,0.39,0.536209474,0.463502091,37.62571268,6299.226358
12.5,0.25,0.25,0.75,0.75,86.0,52.0,71.9,62.0,30.0,50.8,34.0,0.56,0.500189951,0.444658692,35.51753863,5729.569636
12.5,0.25,0.25,0.38,0.63,77.4,46.8,64.7,55.8,27.0,45.8,34.0,0.56,0.553032347,0.471189418,38.45252155,6540.105445
37.5,0.25,0.25,0.25,0.25,69.7,42.1,58.2,50.2,24.3,41.2,1.0,0.1,0.389452628,0.383377956,29.84228529,4051.551293
12.5,0.25,0.25,0.38,0.63,94.6,57.2,79.0,68.2,33.0,55.9,16.0,0.26,0.577201619,0.48335599,39.92318644,7107.609758
12.5,0.25,0.25,0.63,0.5,94.6,57.2,79.0,68.2,33.0,55.9,16.0,0.26,0.565239387,0.474798231,38.8469565,6860.396428
12.5,0.25,0.25,0.5,0.63,94.6,57.2,79.0,68.2,33.0,55.9,16.0,0.26,0.579179402,0.484349504,40.0282126,7163.9441
12.5,0.25,0.38,0.38,0.75,69.7,42.1,58.2,50.2,24.3,41.2,1.0,0.1,0.566319234,0.462462315,39.12726257,7416.707761
25.0,0.5,0.25,0.63,0.5,77.4,46.8,64.7,55.8,27.0,45.8,34.0,0.56,0.447115975,0.425331523,33.31178956,4899.118995
12.5,0.25,0.25,0.25,0.75,94.6,57.2,79.0,68.2,33.0,55.9,34.0,0.56,0.411591443,0.404575636,31.00460557,4357.822918
25.0,0.25,0.25,0.25,0.38,86.0,52.0,71.9,62.0,30.0,50.8,16.0,0.26,0.443419908,0.426240102,33.4416065,4870.625368
12.5,0.25,0.25,0.25,0.63,94.6,57.2,79.0,68.2,33.0,55.9,1.0,0.1,0.590337413,0.493533938,41.17642111,7301.106216
20.0,0.0,0.202,0.707,0.101,86.0,52.0,71.9,62.0,30.0,50.8,3.77,0.06,0.492759727,0.443519907,35.31195693,5718.408168
12.5,0.25,0.25,0.63,0.75,94.6,57.2,79.0,68.2,33.0,55.9,1.0,0.1,0.603371908,0.500653697,42.13153821,7675.963523
12.5,0.25,0.38,0.5,0.75,94.6,57.2,79.0,68.2,33.0,55.9,16.0,0.26,0.627442488,0.519045161,44.39094402,8254.126537
12.5,0.25,0.38,0.63,0.5,94.6,57.2,79.0,68.2,33.0,55.9,16.0,0.26,0.608339742,0.504233755,42.48595317,7616.705992
12.5,0.25,0.25,0.5,0.5,86.0,52.0,71.9,62.0,30.0,50.8,1.0,0.1,0.610321439,0.504532158,42.48753914,7793.442058
12.5,0.25,0.38,0.38,0.5,94.6,57.2,79.0,68.2,33.0,55.9,34.0,0.56,0.424394344,0.412450296,31.88184658,4480.07
12.5,0.25,0.25,0.25,0.25,69.7,42.1,58.2,50.2,24.3,41.2,34.0,0.56,0.406644523,0.38126925,30.057704,4247.508926
12.5,0.25,0.25,0.38,0.38,86.0,52.0,71.9,62.0,30.0,50.8,16.0,0.26,0.553729922,0.471249919,38.53456885,6683.200614
12.5,0.25,0.38,0.38,0.63,69.7,42.1,58.2,50.2,24.3,41.2,34.0,0.56,0.506987743,0.434349356,35.8744954,6060.283822
12.5,0.25,0.25,0.38,0.63,69.7,42.1,58.2,50.2,24.3,41.2,1.0,0.1,0.538593399,0.44549439,37.4186977,7013.002812
12.5,0.25,0.25,0.25,0.5,86.0,52.0,71.9,62.0,30.0,50.8,1.0,0.1,0.599956822,0.497916665,41.71941614,7660.886044
12.5,0.25,0.25,0.5,0.63,69.7,42.1,58.2,50.2,24.3,41.2,34.0,0.56,0.46555863,0.409033913,32.9240208,5322.840434
25.0,0.5,0.25,0.5,0.63,77.4,46.8,64.7,55.8,27.0,45.8,34.0,0.56,0.473458531,0.437681481,34.72483444,5439.421503
25.0,0.5,0.25,0.38,0.63,94.6,57.2,79.0,68.2,33.0,55.9,24.0,0.39,0.364564858,0.391617371,29.90851804,3723.523376
12.5,0.25,0.25,0.38,0.38,77.4,46.8,64.7,55.8,27.0,45.8,16.0,0.26,0.572725923,0.479866804,39.46947609,7024.748359
12.5,0.25,0.25,0.25,0.38,77.4,46.8,64.7,55.8,27.0,45.8,16.0,0.26,0.567975637,0.480580564,39.64161958,7016.89385
12.5,0.25,0.38,0.38,0.63,77.4,46.8,64.7,55.8,27.0,45.8,34.0,0.56,0.596551315,0.498475898,41.78212739,7521.714355
25.0,0.5,0.25,0.75,0.5,86.0,52.0,71.9,62.0,30.0,50.8,1.0,0.1,0.523845567,0.460305334,37.27729673,6521.291119
12.5,0.25,0.25,0.25,0.63,86.0,52.0,71.9,62.0,30.0,50.8,1.0,0.1,0.626280739,0.516666897,43.97488159,8263.289742
25.0,0.5,0.38,0.38,0.5,86.0,52.0,71.9,62.0,30.0,50.8,16.0,0.26,0.525063322,0.461903766,37.52274536,6235.452776
12.5,0.25,0.25,0.63,0.63,69.7,42.1,58.2,50.2,24.3,41.2,24.0,0.39,0.511750776,0.427683045,35.17991165,6461.670875
12.5,0.25,0.25,0.75,0.5,94.6,57.2,79.0,68.2,33.0,55.9,24.0,0.39,0.455384537,0.424311942,33.31223192,5192.883148
12.5,0.25,0.25,0.25,0.63,94.6,57.2,79.0,68.2,33.0,55.9,16.0,0.26,0.572046486,0.482423774,39.85662538,6960.107506
12.5,0.25,0.38,0.38,0.75,77.4,46.8,64.7,55.8,27.0,45.8,24.0,0.39,0.612222602,0.506852617,42.78112742,7969.025753
12.5,0.25,0.25,0.63,0.75,77.4,46.8,64.7,55.8,27.0,45.8,24.0,0.39,0.581744319,0.485989695,40.23598632,7206.901956
25.0,0.5,0.25,0.75,0.75,77.4,46.8,64.7,55.8,27.0,45.8,34.0,0.56,0.485548321,0.440675594,35.02172542,5531.351743
20.0,18.43,0.042,0.147,0.021,86.0,52.0,71.9,62.0,30.0,50.8,3.77,0.06,0.55788532,0.377596581,28.55641695,6276.410544
12.5,0.25,0.38,0.5,0.75,69.7,42.1,58.2,50.2,24.3,41.2,24.0,0.39,0.571610169,0.468338919,39.41382075,7381.379396
12.5,0.25,0.38,0.5,0.5,77.4,46.8,64.7,55.8,27.0,45.8,24.0,0.39,0.594836828,0.495912854,41.44744954,7441.509419
12.5,0.25,0.25,0.5,0.75,94.6,57.2,79.0,68.2,33.0,55.9,16.0,0.26,0.595052932,0.494864674,41.36494454,7483.736315
12.5,0.25,0.38,0.38,0.5,77.4,46.8,64.7,55.8,27.0,45.8,24.0,0.39,0.598814008,0.498585597,41.73066669,7510.790568
12.5,0.25,0.38,0.63,0.5,86.0,52.0,71.9,62.0,30.0,50.8,34.0,0.56,0.500058984,0.444690988,35.47352652,5566.52275
25.0,0.5,0.38,0.5,0.63,94.6,57.2,79.0,68.2,33.0,55.9,1.0,0.1,0.562619298,0.485752533,40.40291611,7071.833949
25.0,0.5,0.38,0.5,0.75,86.0,52.0,71.9,62.0,30.0,50.8,34.0,0.56,0.450102564,0.428771298,33.76469664,5033.685563
12.5,0.25,0.25,0.38,0.25,69.7,42.1,58.2,50.2,24.3,41.2,1.0,0.1,0.532227877,0.444146829,36.88084855,6569.249674
25.0,0.5,0.25,0.63,0.63,69.7,42.1,58.2,50.2,24.3,41.2,34.0,0.56,0.397461189,0.382602075,29.97539813,4323.930991
12.5,0.25,0.25,0.63,0.63,86.0,52.0,71.9,62.0,30.0,50.8,34.0,0.56,0.483249032,0.438630573,34.89995717,5330.369306
25.0,0.25,0.25,0.25,0.38,86.0,52.0,71.9,62.0,30.0,50.8,34.0,0.56,0.350992769,0.388632634,29.63179631,3385.364224
25.0,0.5,0.25,0.5,0.63,86.0,52.0,71.9,62.0,30.0,50.8,1.0,0.1,0.477940817,0.41827206,33.97729329,6015.224564
25.0,0.5,0.38,0.5,0.63,77.4,46.8,64.7,55.8,27.0,45.8,34.0,0.56,0.508104246,0.456826317,37.02918026,6150.842053
25.0,0.5,0.38,0.38,0.63,69.7,42.1,58.2,50.2,24.3,41.2,16.0,0.26,0.499992838,0.431448682,35.55891105,6491.223531
25.0,0.5,0.25,0.5,0.63,86.0,52.0,71.9,62.0,30.0,50.8,34.0,0.56,0.379102775,0.39728943,30.35778147,4162.761559
25.0,0.25,0.25,0.25,0.25,86.0,52.0,71.9,62.0,30.0,50.8,1.0,0.1,0.462013355,0.435203234,34.46756739,5126.993178
12.5,0.25,0.25,0.63,0.5,77.4,46.8,64.7,55.8,27.0,45.8,1.0,0.1,0.596753394,0.495164177,41.33629767,7690.174905
12.5,0.25,0.25,0.25,0.25,77.4,46.8,64.7,55.8,27.0,45.8,24.0,0.39,0.496176505,0.445238125,35.46687387,5556.372277
25.0,0.5,0.25,0.75,0.63,94.6,57.2,79.0,68.2,33.0,55.9,16.0,0.26,0.488876344,0.445474763,35.59821657,5696.026057
25.0,0.5,0.38,0.63,0.5,77.4,46.8,64.7,55.8,27.0,45.8,16.0,0.26,0.538604193,0.468763134,38.3177098,6663.000678
25.0,0.25,0.25,0.25,0.25,77.4,46.8,64.7,55.8,27.0,45.8,16.0,0.26,0.447780771,0.42726083,33.58954163,4898.835857
25.0,0.5,0.38,0.38,0.5,94.6,57.2,79.0,68.2,33.0,55.9,24.0,0.39,0.391627198,0.402226397,31.02327724,4062.739528
12.5,0.25,0.25,0.75,0.63,94.6,57.2,79.0,68.2,33.0,55.9,24.0,0.39,0.476054066,0.433407697,34.33849206,5399.861131
12.5,0.25,0.25,0.25,0.75,94.6,57.2,79.0,68.2,33.0,55.9,1.0,0.1,0.609612922,0.504526655,42.50248162,7945.187841
37.5,0.25,0.25,0.25,0.25,86.0,52.0,71.9,62.0,30.0,50.8,24.0,0.39,0.350136522,0.389381151,29.55021089,3387.785165
25.0,0.5,0.25,0.75,0.5,77.4,46.8,64.7,55.8,27.0,45.8,1.0,0.1,0.510668562,0.452680279,36.3863589,6279.338501
25.0,0.25,0.25,0.25,0.38,94.6,57.2,79.0,68.2,33.0,55.9,16.0,0.26,0.419015102,0.41553133,32.28899894,4546.786741
25.0,0.5,0.38,0.38,0.5,94.6,57.2,79.0,68.2,33.0,55.9,16.0,0.26,0.52332906,0.463275619,37.72210168,6328.893321
12.5,0.25,0.25,0.38,0.5,69.7,42.1,58.2,50.2,24.3,41.2,1.0,0.1,0.535364693,0.442557129,37.11047048,7130.830014
12.5,0.25,0.25,0.75,0.63,86.0,52.0,71.9,62.0,30.0,50.8,34.0,0.56,0.494584864,0.44252903,35.28592597,5729.715055
20.0,0.537,0.117,0.409,0.058,86.0,52.0,71.9,62.0,30.0,50.8,24.0,0.39,0.404617089,0.40166998,30.74824045,4203.027624
25.0,0.5,0.25,0.63,0.5,69.7,42.1,58.2,50.2,24.3,41.2,24.0,0.39,0.429580755,0.391524096,31.10161493,4945.794431
12.5,0.25,0.25,0.25,0.5,69.7,42.1,58.2,50.2,24.3,41.2,16.0,0.26,0.52950023,0.442248924,36.80503364,6394.077909
12.5,0.25,0.25,0.75,0.75,94.6,57.2,79.0,68.2,33.0,55.9,34.0,0.56,0.450593944,0.420598245,32.81196654,4813.452846
25.0,0.5,0.38,0.5,0.5,94.6,57.2,79.0,68.2,33.0,55.9,1.0,0.1,0.525947983,0.46389552,37.72398079,6422.922094
25.0,0.5,0.25,0.75,0.63,94.6,57.2,79.0,68.2,33.0,55.9,24.0,0.39,0.407072571,0.409248903,31.78225878,4587.385566
12.5,0.25,0.25,0.38,0.38,94.6,57.2,79.0,68.2,33.0,55.9,24.0,0.39,0.401490054,0.399530934,30.59699446,4228.818878
12.5,0.25,0.25,0.25,0.75,86.0,52.0,71.9,62.0,30.0,50.8,1.0,0.1,0.629606256,0.521691969,44.72163541,8247.521164
25.0,0.5,0.25,0.5,0.5,77.4,46.8,64.7,55.8,27.0,45.8,1.0,0.1,0.527189908,0.463020067,37.62977375,6526.988187
20.0,0.0,0.585,0.0,0.0,86.0,52.0,71.9,62.0,30.0,50.8,3.77,0.06,0.599984054,0.52979144,46.58510536,7575.801245
12.5,0.25,0.25,0.75,0.5,94.6,57.2,79.0,68.2,33.0,55.9,34.0,0.56,0.408487848,0.400980125,30.60468328,4281.52619
25.0,0.5,0.38,0.38,0.5,86.0,52.0,71.9,62.0,30.0,50.8,34.0,0.56,0.421448998,0.414830175,32.16492155,4558.980717
37.5,0.25,0.25,0.25,0.25,94.6,57.2,79.0,68.2,33.0,55.9,34.0,0.56,0.233554492,0.335338738,24.32062733,1945.530615
37.5,0.25,0.25,0.25,0.25,77.4,46.8,64.7,55.8,27.0,45.8,24.0,0.39,0.384633032,0.40383899,31.10924166,3837.512961
12.5,0.25,0.25,0.63,0.63,86.0,52.0,71.9,62.0,30.0,50.8,1.0,0.1,0.611993912,0.506604757,42.82737534,8013.626308
25.0,0.25,0.25,0.25,0.25,86.0,52.0,71.9,62.0,30.0,50.8,34.0,0.56,0.320417393,0.372179064,27.8743632,2988.05944
25.0,0.5,0.25,0.63,0.5,94.6,57.2,79.0,68.2,33.0,55.9,34.0,0.56,0.32833671,0.37718413,28.21340501,3447.082101
37.5,0.75,0.25,0.25,0.25,86.0,52.0,71.9,62.0,30.0,50.8,16.0,0.26,0.410652063,0.408159008,31.67889844,3813.165795
12.5,0.25,0.25,0.25,0.38,86.0,52.0,71.9,62.0,30.0,50.8,34.0,0.56,0.416271363,0.409438226,31.57755786,4350.42467
25.0,0.5,0.25,0.63,0.63,69.7,42.1,58.2,50.2,24.3,41.2,1.0,0.1,0.464824509,0.408038131,32.66436708,5741.314175
25.0,0.5,0.25,0.5,0.63,77.4,46.8,64.7,55.8,27.0,45.8,16.0,0.26,0.50476135,0.451905492,36.41565722,6237.206052
12.5,0.25,0.25,0.75,0.63,86.0,52.0,71.9,62.0,30.0,50.8,24.0,0.39,0.555210358,0.470846733,38.42153319,6554.976861
25.0,0.5,0.25,0.5,0.63,77.4,46.8,64.7,55.8,27.0,45.8,24.0,0.39,0.47771355,0.439422701,34.87061011,5602.022929
12.5,0.25,0.25,0.25,0.75,86.0,52.0,71.9,62.0,30.0,50.8,16.0,0.26,0.611725787,0.506024348,42.68661357,7924.516776
12.5,0.25,0.25,0.75,0.5,94.6,57.2,79.0,68.2,33.0,55.9,16.0,0.26,0.56581933,0.476002331,39.04659266,6806.492688
12.5,0.25,0.38,0.38,0.63,86.0,52.0,71.9,62.0,30.0,50.8,1.0,0.1,0.645640994,0.532222816,45.95298911,8671.716806
25.0,0.5,0.25,0.5,0.75,86.0,52.0,71.9,62.0,30.0,50.8,24.0,0.39,0.460205797,0.431122059,33.94201411,5128.163506
25.0,0.5,0.25,0.5,0.75,69.7,42.1,58.2,50.2,24.3,41.2,1.0,0.1,0.461465413,0.405558182,32.60317761,6058.648764
25.0,0.5,0.25,0.38,0.63,69.7,42.1,58.2,50.2,24.3,41.2,24.0,0.39,0.442693354,0.398804938,31.85521692,5016.741592
37.5,0.25,0.25,0.25,0.25,77.4,46.8,64.7,55.8,27.0,45.8,34.0,0.56,0.346410766,0.387580455,29.2486781,3269.271761
25.0,0.5,0.25,0.75,0.5,69.7,42.1,58.2,50.2,24.3,41.2,34.0,0.56,0.408797854,0.389204379,30.73453761,4574.813873
12.5,0.25,0.25,0.38,0.75,86.0,52.0,71.9,62.0,30.0,50.8,24.0,0.39,0.556301788,0.476149113,39.1606042,6717.446272
12.5,0.25,0.25,0.38,0.75,69.7,42.1,58.2,50.2,24.3,41.2,16.0,0.26,0.535894701,0.442865602,36.92483932,6846.006857
12.5,0.25,0.25,0.75,0.5,77.4,46.8,64.7,55.8,27.0,45.8,34.0,0.56,0.555726691,0.470719472,38.38301202,6645.569975
12.5,0.25,0.25,0.75,0.63,77.4,46.8,64.7,55.8,27.0,45.8,16.0,0.26,0.586602539,0.488568502,40.63849594,7428.834423
25.0,0.5,0.38,0.5,0.75,94.6,57.2,79.0,68.2,33.0,55.9,24.0,0.39,0.436893878,0.423246366,33.3406292,5009.962222
12.5,0.25,0.25,0.75,0.63,77.4,46.8,64.7,55.8,27.0,45.8,34.0,0.56,0.565976484,0.478162473,39.33777176,6852.979712
25.0,0.5,0.38,0.38,0.5,77.4,46.8,64.7,55.8,27.0,45.8,1.0,0.1,0.559215109,0.479010781,39.47518677,7085.063077
25.0,0.5,0.38,0.5,0.63,86.0,52.0,71.9,62.0,30.0,50.8,34.0,0.56,0.440473059,0.427430828,33.749712,4926.279024
12.5,0.25,0.25,0.75,0.5,86.0,52.0,71.9,62.0,30.0,50.8,24.0,0.39,0.544066693,0.464561582,37.67828481,6514.638993
12.5,0.25,0.38,0.5,0.75,77.4,46.8,64.7,55.8,27.0,45.8,1.0,0.1,0.631417034,0.521136035,44.59947057,8413.659665
25.0,0.5,0.38,0.63,0.5,86.0,52.0,71.9,62.0,30.0,50.8,34.0,0.56,0.423038771,0.416537797,32.41723682,4710.858646
12.5,0.25,0.25,0.63,0.5,86.0,52.0,71.9,62.0,30.0,50.8,34.0,0.56,0.464260194,0.428903862,33.74349354,5124.854901
25.0,0.5,0.38,0.63,0.5,94.6,57.2,79.0,68.2,33.0,55.9,1.0,0.1,0.543722877,0.474952374,39.15823782,6687.259259
25.0,0.5,0.25,0.75,0.5,86.0,52.0,71.9,62.0,30.0,50.8,24.0,0.39,0.454381334,0.42782472,33.55926075,5236.03334
25.0,0.5,0.25,0.63,0.63,69.7,42.1,58.2,50.2,24.3,41.2,16.0,0.26,0.465538066,0.419747673,33.84707944,5556.374604
12.5,0.25,0.25,0.75,0.5,86.0,52.0,71.9,62.0,30.0,50.8,1.0,0.1,0.603545036,0.497978979,41.6216451,7738.881709
12.5,0.25,0.25,0.63,0.75,86.0,52.0,71.9,62.0,30.0,50.8,24.0,0.39,0.566645314,0.478935976,39.38136072,6901.658937
25.0,0.5,0.38,0.38,0.75,77.4,46.8,64.7,55.8,27.0,45.8,1.0,0.1,0.576561833,0.490467439,40.84711944,7804.627951
25.0,0.5,0.38,0.38,0.63,69.7,42.1,58.2,50.2,24.3,41.2,1.0,0.1,0.502785174,0.430113965,35.52053432,6702.780378
12.5,0.25,0.25,0.63,0.63,94.6,57.2,79.0,68.2,33.0,55.9,34.0,0.56,0.424574228,0.408610007,31.44274436,4568.672172
25.0,0.5,0.38,0.38,0.63,77.4,46.8,64.7,55.8,27.0,45.8,24.0,0.39,0.520587192,0.46326367,37.74750888,6263.807879
12.5,0.25,0.25,0.38,0.38,86.0,52.0,71.9,62.0,30.0,50.8,1.0,0.1,0.594364445,0.494164753,41.19101338,7411.174571
25.0,0.5,0.25,0.38,0.5,77.4,46.8,64.7,55.8,27.0,45.8,34.0,0.56,0.440365017,0.423763672,33.12590428,4694.608192
12.5,0.25,0.25,0.75,0.75,77.4,46.8,64.7,55.8,27.0,45.8,1.0,0.1,0.596036127,0.492748552,40.99850428,7706.881369
12.5,0.25,0.25,0.25,0.63,94.6,57.2,79.0,68.2,33.0,55.9,24.0,0.39,0.44371199,0.420093742,32.88840203,4853.807603
25.0,0.5,0.25,0.38,0.5,94.6,57.2,79.0,68.2,33.0,55.9,24.0,0.39,0.353235517,0.383470679,28.94869929,3626.366534
12.5,0.25,0.25,0.25,0.63,69.7,42.1,58.2,50.2,24.3,41.2,34.0,0.56,0.448841436,0.397617195,31.77298278,5063.851086
12.5,0.25,0.25,0.5,0.63,94.6,57.2,79.0,68.2,33.0,55.9,34.0,0.56,0.404446048,0.401091418,30.66522059,4100.759169
25.0,0.5,0.25,0.75,0.63,94.6,57.2,79.0,68.2,33.0,55.9,1.0,0.1,0.507115625,0.451012573,36.14878201,6315.233209
12.5,0.25,0.38,0.38,0.5,69.7,42.1,58.2,50.2,24.3,41.2,24.0,0.39,0.55195445,0.455560504,38.4173944,7080.040043
12.5,0.25,0.38,0.5,0.5,94.6,57.2,79.0,68.2,33.0,55.9,1.0,0.1,0.619887727,0.514873193,43.84410679,8104.934974
25.0,0.25,0.25,0.25,0.38,77.4,46.8,64.7,55.8,27.0,45.8,1.0,0.1,0.515771805,0.45981941,37.3001964,6318.708722
12.5,0.25,0.25,0.5,0.75,86.0,52.0,71.9,62.0,30.0,50.8,16.0,0.26,0.608930974,0.502062222,42.16770498,7761.15796
12.5,0.25,0.25,0.63,0.75,69.7,42.1,58.2,50.2,24.3,41.2,1.0,0.1,0.524577301,0.434863988,36.04067528,6614.219308
12.5,0.25,0.25,0.63,0.63,94.6,57.2,79.0,68.2,33.0,55.9,1.0,0.1,0.592156153,0.489992416,40.64163782,7297.732097
12.5,0.25,0.25,0.38,0.63,86.0,52.0,71.9,62.0,30.0,50.8,16.0,0.26,0.599023157,0.499607522,41.94865711,7556.109909
12.5,0.25,0.25,0.38,0.75,94.6,57.2,79.0,68.2,33.0,55.9,24.0,0.39,0.46274257,0.426679269,33.60574758,5225.163069
12.5,0.25,0.25,0.38,0.38,69.7,42.1,58.2,50.2,24.3,41.2,16.0,0.26,0.520637077,0.43491928,35.89130977,6376.662565
12.5,0.25,0.25,0.5,0.63,86.0,52.0,71.9,62.0,30.0,50.8,24.0,0.39,0.550116044,0.471871207,38.6454264,6626.851498
25.0,0.5,0.25,0.5,0.63,69.7,42.1,58.2,50.2,24.3,41.2,34.0,0.56,0.384981338,0.373856466,29.08514833,4112.893488
25.0,0.5,0.25,0.75,0.5,69.7,42.1,58.2,50.2,24.3,41.2,1.0,0.1,0.46424992,0.409987805,33.0201908,5902.33288
25.0,0.5,0.38,0.5,0.5,69.7,42.1,58.2,50.2,24.3,41.2,1.0,0.1,0.500207249,0.431267232,35.31400484,6543.971817
25.0,0.5,0.25,0.75,0.5,69.7,42.1,58.2,50.2,24.3,41.2,16.0,0.26,0.458581988,0.408444733,32.78937613,5834.98164
25.0,0.5,0.38,0.38,0.75,86.0,52.0,71.9,62.0,30.0,50.8,34.0,0.56,0.446141264,0.426437069,33.44212024,5004.154338
12.5,0.25,0.25,0.63,0.75,94.6,57.2,79.0,68.2,33.0,55.9,34.0,0.56,0.442869304,0.416802269,32.34445707,4740.015047
25.0,0.5,0.38,0.38,0.63,77.4,46.8,64.7,55.8,27.0,45.8,16.0,0.26,0.542170237,0.471161461,38.69800786,6992.823141
25.0,0.5,0.25,0.75,0.5,94.6,57.2,79.0,68.2,33.0,55.9,1.0,0.1,0.502398084,0.453649741,36.60011315,6019.262475
12.5,0.25,0.25,0.63,0.75,94.6,57.2,79.0,68.2,33.0,55.9,24.0,0.39,0.49739138,0.443754909,35.50118221,5711.85174
12.5,0.25,0.25,0.75,0.75,77.4,46.8,64.7,55.8,27.0,45.8,34.0,0.56,0.57272491,0.481279313,39.69681287,7019.694384
25.0,0.25,0.25,0.25,0.25,94.6,57.2,79.0,68.2,33.0,55.9,34.0,0.56,0.262139643,0.349353787,25.43353016,2384.728916
25.0,0.5,0.25,0.75,0.5,86.0,52.0,71.9,62.0,30.0,50.8,16.0,0.26,0.490242145,0.443889013,35.43484314,5772.910164
12.5,0.25,0.25,0.38,0.75,77.4,46.8,64.7,55.8,27.0,45.8,1.0,0.1,0.617868887,0.510839162,43.3126693,8212.792891
12.5,0.25,0.25,0.25,0.75,69.7,42.1,58.2,50.2,24.3,41.2,16.0,0.26,0.546174929,0.451546571,37.80745277,6922.846792
12.5,0.25,0.25,0.38,0.5,77.4,46.8,64.7,55.8,27.0,45.8,24.0,0.39,0.551775489,0.470176914,38.38162699,6628.76363
25.0,0.5,0.25,0.63,0.5,77.4,46.8,64.7,55.8,27.0,45.8,24.0,0.39,0.4693892,0.433737787,34.13758465,5330.062031
25.0,0.5,0.25,0.5,0.5,77.4,46.8,64.7,55.8,27.0,45.8,34.0,0.56,0.449877074,0.42727728,33.52074419,4968.601171
12.5,0.25,0.25,0.5,0.63,77.4,46.8,64.7,55.8,27.0,45.8,16.0,0.26,0.589306067,0.488615886,40.54647951,7560.205645
12.5,0.25,0.25,0.25,0.63,69.7,42.1,58.2,50.2,24.3,41.2,1.0,0.1,0.541415007,0.446912521,37.52543015,6870.342118
12.5,0.25,0.25,0.25,0.5,77.4,46.8,64.7,55.8,27.0,45.8,24.0,0.39,0.545094508,0.468493268,38.143078,6475.894556
25.0,0.5,0.25,0.75,0.75,69.7,42.1,58.2,50.2,24.3,41.2,34.0,0.56,0.41545835,0.392836179,31.10253472,4865.399969
37.5,0.25,0.25,0.25,0.25,77.4,46.8,64.7,55.8,27.0,45.8,1.0,0.1,0.454737417,0.435620773,34.70788043,4830.959809
25.0,0.5,0.38,0.38,0.75,69.7,42.1,58.2,50.2,24.3,41.2,16.0,0.26,0.499125312,0.430330293,35.22201111,6493.258285
25.0,0.5,0.25,0.75,0.75,94.6,57.2,79.0,68.2,33.0,55.9,16.0,0.26,0.492809568,0.444139023,35.34533175,5649.03716
25.0,0.25,0.25,0.25,0.25,94.6,57.2,79.0,68.2,33.0,55.9,1.0,0.1,0.425010896,0.417545412,32.46088718,4476.811464
12.5,0.25,0.25,0.63,0.63,94.6,57.2,79.0,68.2,33.0,55.9,16.0,0.26,0.579981861,0.48518887,40.17821466,7231.027782
25.0,0.5,0.25,0.75,0.63,69.7,42.1,58.2,50.2,24.3,41.2,34.0,0.56,0.390657895,0.37863215,29.46743356,4163.823044
12.5,0.25,0.25,0.63,0.63,77.4,46.8,64.7,55.8,27.0,45.8,1.0,0.1,0.59248944,0.491124144,40.81318096,7588.360961
12.5,0.25,0.38,0.38,0.75,69.7,42.1,58.2,50.2,24.3,41.2,16.0,0.26,0.576589776,0.474776543,40.65549833,7667.83619
12.5,0.25,0.25,0.5,0.75,77.4,46.8,64.7,55.8,27.0,45.8,34.0,0.56,0.578556842,0.486632377,40.36001849,7175.068982
12.5,0.25,0.25,0.38,0.63,86.0,52.0,71.9,62.0,30.0,50.8,34.0,0.56,0.469925759,0.432722017,34.18362679,5347.513929
12.5,0.25,0.38,0.5,0.75,77.4,46.8,64.7,55.8,27.0,45.8,24.0,0.39,0.611397858,0.503663416,42.33632715,7800.501276
25.0,0.5,0.25,0.63,0.75,86.0,52.0,71.9,62.0,30.0,50.8,1.0,0.1,0.542163836,0.471828735,38.70569591,7004.015537
12.5,0.25,0.25,0.5,0.5,86.0,52.0,71.9,62.0,30.0,50.8,16.0,0.26,0.585434474,0.488638858,40.56322545,7380.633803
25.0,0.5,0.25,0.75,0.75,69.7,42.1,58.2,50.2,24.3,41.2,16.0,0.26,0.464972316,0.413380913,33.34012862,6013.407593
12.5,0.25,0.25,0.25,0.5,94.6,57.2,79.0,68.2,33.0,55.9,24.0,0.39,0.427005551,0.411590845,31.87518207,4590.823341
12.5,0.25,0.38,0.38,0.63,86.0,52.0,71.9,62.0,30.0,50.8,34.0,0.56,0.509989204,0.45386752,36.68541263,5747.56017
12.5,0.25,0.25,0.5,0.63,86.0,52.0,71.9,62.0,30.0,50.8,1.0,0.1,0.619453149,0.50952792,43.07173864,8109.230504
12.5,0.25,0.25,0.38,0.63,77.4,46.8,64.7,55.8,27.0,45.8,24.0,0.39,0.568062152,0.479607332,39.47432437,6836.600814
12.5,0.25,0.38,0.5,0.63,77.4,46.8,64.7,55.8,27.0,45.8,16.0,0.26,0.622419314,0.513585375,43.65957738,8157.236939
25.0,0.5,0.38,0.5,0.5,69.7,42.1,58.2,50.2,24.3,41.2,34.0,0.56,0.42213693,0.394711432,31.11988062,4641.001514
25.0,0.5,0.25,0.75,0.63,77.4,46.8,64.7,55.8,27.0,45.8,1.0,0.1,0.532482559,0.465680233,37.90850822,6752.016952
25.0,0.5,0.38,0.5,0.5,94.6,57.2,79.0,68.2,33.0,55.9,16.0,0.26,0.520756415,0.460795368,37.38218685,6274.934837
25.0,0.5,0.25,0.75,0.63,94.6,57.2,79.0,68.2,33.0,55.9,34.0,0.56,0.354086468,0.388135964,29.37301155,3712.997856
25.0,0.5,0.25,0.5,0.63,69.7,42.1,58.2,50.2,24.3,41.2,1.0,0.1,0.475118209,0.418867231,34.0430221,5722.576764
25.0,0.5,0.38,0.38,0.63,86.0,52.0,71.9,62.0,30.0,50.8,24.0,0.39,0.498058212,0.453507667,36.68258785,5946.158422
25.0,0.5,0.25,0.63,0.5,69.7,42.1,58.2,50.2,24.3,41.2,16.0,0.26,0.458246439,0.405898222,32.59242207,5628.710525
25.0,0.25,0.25,0.25,0.25,94.6,57.2,79.0,68.2,33.0,55.9,16.0,0.26,0.403310637,0.41009134,31.66559817,4248.355054
25.0,0.5,0.38,0.5,0.75,86.0,52.0,71.9,62.0,30.0,50.8,1.0,0.1,0.565324698,0.482227496,39.82088488,7423.469876
12.5,0.25,0.25,0.5,0.5,86.0,52.0,71.9,62.0,30.0,50.8,34.0,0.56,0.451083154,0.424728104,33.32452765,4975.885376
12.5,0.25,0.25,0.5,0.75,86.0,52.0,71.9,62.0,30.0,50.8,34.0,0.56,0.506104448,0.449306369,36.04045222,5828.732121
12.5,0.25,0.25,0.38,0.63,69.7,42.1,58.2,50.2,24.3,41.2,16.0,0.26,0.543966758,0.448597173,37.53578671,6836.397281
25.0,0.5,0.25,0.63,0.75,94.6,57.2,79.0,68.2,33.0,55.9,34.0,0.56,0.350874635,0.384432592,29.05187144,3511.537898
12.5,0.25,0.38,0.38,0.75,86.0,52.0,71.9,62.0,30.0,50.8,24.0,0.39,0.601357636,0.50251773,42.24537298,7576.39253
12.5,0.25,0.38,0.5,0.75,77.4,46.8,64.7,55.8,27.0,45.8,16.0,0.26,0.621810512,0.511053454,43.24204733,8173.589103
12.5,0.25,0.25,0.25,0.38,94.6,57.2,79.0,68.2,33.0,55.9,1.0,0.1,0.547743879,0.471665153,38.70734774,6564.958302
12.5,0.25,0.25,0.63,0.63,77.4,46.8,64.7,55.8,27.0,45.8,24.0,0.39,0.569713565,0.480106144,39.58916872,6942.396304
25.0,0.5,0.38,0.38,0.63,94.6,57.2,79.0,68.2,33.0,55.9,1.0,0.1,0.538550337,0.473993739,39.09961353,6643.901898
25.0,0.5,0.38,0.5,0.75,69.7,42.1,58.2,50.2,24.3,41.2,24.0,0.39,0.489723491,0.426371416,34.97653895,5945.89951
25.0,0.5,0.25,0.75,0.75,86.0,52.0,71.9,62.0,30.0,50.8,24.0,0.39,0.469631675,0.434132503,34.2751629,5498.583951
37.5,0.25,0.25,0.25,0.25,69.7,42.1,58.2,50.2,24.3,41.2,16.0,0.26,0.392540298,0.391582692,30.88504716,3911.422247
25.0,0.5,0.38,0.63,0.5,69.7,42.1,58.2,50.2,24.3,41.2,1.0,0.1,0.502842336,0.430368732,35.18597077,6374.444297
25.0,0.5,0.25,0.75,0.63,69.7,42.1,58.2,50.2,24.3,41.2,16.0,0.26,0.444479717,0.395435754,31.64262219,5388.50369
12.5,0.25,0.38,0.5,0.63,69.7,42.1,58.2,50.2,24.3,41.2,1.0,0.1,0.557376524,0.45826996,38.77478764,7317.951035
25.0,0.5,0.38,0.5,0.63,77.4,46.8,64.7,55.8,27.0,45.8,1.0,0.1,0.551234401,0.477126551,39.33251373,6842.760562
12.5,0.25,0.38,0.38,0.5,77.4,46.8,64.7,55.8,27.0,45.8,34.0,0.56,0.587276072,0.494588902,41.40492886,7174.664896
12.5,0.25,0.25,0.75,0.63,77.4,46.8,64.7,55.8,27.0,45.8,24.0,0.39,0.569935673,0.476836137,39.06314597,6929.554801
25.0,0.5,0.25,0.5,0.75,77.4,46.8,64.7,55.8,27.0,45.8,16.0,0.26,0.518626455,0.460895865,37.45346655,6370.898867
12.5,0.25,0.25,0.5,0.5,77.4,46.8,64.7,55.8,27.0,45.8,16.0,0.26,0.575902218,0.480382567,39.49160012,7159.336664
12.5,0.25,0.25,0.5,0.63,94.6,57.2,79.0,68.2,33.0,55.9,24.0,0.39,0.463097152,0.428118259,33.79678871,5323.300337
12.5,0.25,0.25,0.5,0.5,77.4,46.8,64.7,55.8,27.0,45.8,24.0,0.39,0.5561803,0.472270742,38.62163873,6638.656487
12.5,0.25,0.38,0.63,0.5,86.0,52.0,71.9,62.0,30.0,50.8,24.0,0.39,0.575785764,0.486816771,40.39944387,7101.757831
12.5,0.25,0.38,0.5,0.5,69.7,42.1,58.2,50.2,24.3,41.2,1.0,0.1,0.559324725,0.459383737,38.84880688,7357.358903
12.5,0.25,0.25,0.63,0.63,77.4,46.8,64.7,55.8,27.0,45.8,34.0,0.56,0.557250655,0.472521274,38.6254357,6708.241295
25.0,0.5,0.25,0.75,0.75,77.4,46.8,64.7,55.8,27.0,45.8,16.0,0.26,0.509158377,0.450886886,36.13019216,6236.707106
12.5,0.25,0.25,0.38,0.38,77.4,46.8,64.7,55.8,27.0,45.8,34.0,0.56,0.517169415,0.454160581,36.46620322,5817.185275
25.0,0.5,0.25,0.5,0.75,86.0,52.0,71.9,62.0,30.0,50.8,34.0,0.56,0.40294843,0.409260571,31.70230081,4387.741853
12.5,0.25,0.38,0.38,0.5,69.7,42.1,58.2,50.2,24.3,41.2,1.0,0.1,0.553185654,0.455065287,38.61011529,7290.10652
12.5,0.25,0.25,0.75,0.75,77.4,46.8,64.7,55.8,27.0,45.8,16.0,0.26,0.58337988,0.484307576,39.95364888,7443.624456
25.0,0.5,0.38,0.63,0.5,94.6,57.2,79.0,68.2,33.0,55.9,16.0,0.26,0.529162599,0.466670798,38.15150253,6594.044595
25.0,0.5,0.25,0.38,0.63,86.0,52.0,71.9,62.0,30.0,50.8,1.0,0.1,0.533820778,0.467852649,38.17659701,6731.618436
25.0,0.5,0.25,0.38,0.5,86.0,52.0,71.9,62.0,30.0,50.8,1.0,0.1,0.517723246,0.45968428,37.32322478,6392.356672
12.5,0.25,0.25,0.5,0.75,69.7,42.1,58.2,50.2,24.3,41.2,34.0,0.56,0.47960301,0.417365455,33.97877886,5830.488555
25.0,0.5,0.25,0.5,0.75,77.4,46.8,64.7,55.8,27.0,45.8,24.0,0.39,0.492545864,0.447536765,35.88401108,5503.095831
12.5,0.25,0.25,0.25,0.25,86.0,52.0,71.9,62.0,30.0,50.8,1.0,0.1,0.561962455,0.476308423,39.09688443,6691.043218
25.0,0.5,0.25,0.75,0.63,86.0,52.0,71.9,62.0,30.0,50.8,16.0,0.26,0.506346175,0.452100321,36.3623002,6190.665974
25.0,0.5,0.25,0.38,0.63,69.7,42.1,58.2,50.2,24.3,41.2,16.0,0.26,0.476364762,0.420400914,33.95797729,5867.997216
12.5,0.25,0.25,0.25,0.5,69.7,42.1,58.2,50.2,24.3,41.2,1.0,0.1,0.54259037,0.445382693,37.23938598,7152.132587
25.0,0.5,0.25,0.38,0.5,86.0,52.0,71.9,62.0,30.0,50.8,34.0,0.56,0.371183688,0.394606103,30.11060535,3834.574804
12.5,0.25,0.38,0.63,0.5,86.0,52.0,71.9,62.0,30.0,50.8,1.0,0.1,0.63346314,0.5251356,45.20294287,8570.913533
25.0,0.5,0.25,0.63,0.63,77.4,46.8,64.7,55.8,27.0,45.8,16.0,0.26,0.498218761,0.450786211,36.39193423,6107.382466
12.5,0.25,0.25,0.25,0.63,86.0,52.0,71.9,62.0,30.0,50.8,34.0,0.56,0.467569149,0.432109831,34.17462527,5150.942889
25.0,0.5,0.25,0.75,0.75,77.4,46.8,64.7,55.8,27.0,45.8,1.0,0.1,0.53255682,0.467558508,38.1617313,7005.038599
25.0,0.5,0.25,0.63,0.75,94.6,57.2,79.0,68.2,33.0,55.9,24.0,0.39,0.400444088,0.403128905,31.08154655,4572.126366
12.5,0.25,0.25,0.75,0.75,69.7,42.1,58.2,50.2,24.3,41.2,24.0,0.39,0.528886613,0.439104197,36.2542016,6608.90751
25.0,0.5,0.38,0.5,0.5,86.0,52.0,71.9,62.0,30.0,50.8,1.0,0.1,0.558537787,0.480847944,39.8226933,7117.950381
25.0,0.5,0.38,0.63,0.5,77.4,46.8,64.7,55.8,27.0,45.8,24.0,0.39,0.5138891,0.458966196,37.20955415,6180.951419
25.0,0.5,0.25,0.63,0.75,86.0,52.0,71.9,62.0,30.0,50.8,24.0,0.39,0.476126065,0.437922725,34.66515546,5393.564335
25.0,0.5,0.25,0.5,0.75,94.6,57.2,79.0,68.2,33.0,55.9,24.0,0.39,0.404225284,0.407940293,31.60733169,4576.100711
12.5,0.25,0.25,0.5,0.63,69.7,42.1,58.2,50.2,24.3,41.2,24.0,0.39,0.538371386,0.446570029,36.98857322,6771.722906
12.5,0.25,0.25,0.75,0.63,69.7,42.1,58.2,50.2,24.3,41.2,16.0,0.26,0.529163709,0.438095887,36.25083805,6749.518191
12.5,0.25,0.25,0.25,0.38,86.0,52.0,71.9,62.0,30.0,50.8,24.0,0.39,0.489823352,0.438875462,34.7014352,5347.718939
12.5,0.25,0.38,0.38,0.5,86.0,52.0,71.9,62.0,30.0,50.8,1.0,0.1,0.641480254,0.528322189,45.47838117,8711.208961
37.5,0.75,0.25,0.25,0.25,94.6,57.2,79.0,68.2,33.0,55.9,24.0,0.39,0.284442614,0.352186419,26.10117938,2625.269164
25.0,0.5,0.25,0.5,0.5,77.4,46.8,64.7,55.8,27.0,45.8,24.0,0.39,0.466297848,0.434276914,34.33876109,5299.661325
12.5,0.25,0.38,0.5,0.5,86.0,52.0,71.9,62.0,30.0,50.8,16.0,0.26,0.615611893,0.510575061,43.29398449,8007.206207
25.0,0.5,0.25,0.75,0.75,69.7,42.1,58.2,50.2,24.3,41.2,1.0,0.1,0.478000734,0.41951938,34.20555034,6260.473628
25.0,0.5,0.25,0.38,0.63,86.0,52.0,71.9,62.0,30.0,50.8,34.0,0.56,0.385503456,0.401275192,30.79561296,3998.054156
25.0,0.5,0.25,0.38,0.75,69.7,42.1,58.2,50.2,24.3,41.2,16.0,0.26,0.463039338,0.408171177,32.69048728,5462.133945
25.0,0.5,0.25,0.5,0.63,94.6,57.2,79.0,68.2,33.0,55.9,1.0,0.1,0.488047919,0.442789316,35.20741312,5637.984297
20.0,0.537,0.117,0.409,0.058,86.0,52.0,71.9,62.0,30.0,50.8,3.77,0.06,0.408178454,0.403204844,30.90686128,4225.961314
12.5,0.25,0.25,0.25,0.25,69.7,42.1,58.2,50.2,24.3,41.2,16.0,0.26,0.498793068,0.42403139,34.78799327,5876.960007
25.0,0.5,0.25,0.38,0.63,77.4,46.8,64.7,55.8,27.0,45.8,1.0,0.1,0.536899811,0.467854471,38.23520379,6747.597792
12.5,0.25,0.38,0.5,0.75,69.7,42.1,58.2,50.2,24.3,41.2,16.0,0.26,0.566719686,0.463806532,39.36457911,7565.104163
12.5,0.25,0.25,0.25,0.25,69.7,42.1,58.2,50.2,24.3,41.2,1.0,0.1,0.511480554,0.43226586,35.57209886,6244.195761
12.5,0.25,0.38,0.5,0.63,77.4,46.8,64.7,55.8,27.0,45.8,24.0,0.39,0.600435148,0.500524535,42.0271829,7564.774933
25.0,0.25,0.25,0.25,0.25,77.4,46.8,64.7,55.8,27.0,45.8,24.0,0.39,0.426064568,0.42018755,32.84923819,4356.945873
25.0,0.5,0.38,0.63,0.5,94.6,57.2,79.0,68.2,33.0,55.9,24.0,0.39,0.410253857,0.408851197,31.6656798,4418.44126
12.5,0.25,0.25,0.25,0.75,77.4,46.8,64.7,55.8,27.0,45.8,34.0,0.56,0.574989422,0.485099788,40.17143065,7044.567605
20.0,18.43,0.0,0.0,0.0,86.0,52.0,71.9,62.0,30.0,50.8,3.77,0.06,0.559628479,0.364936839,27.10639138,6131.30938
25.0,0.5,0.38,0.63,0.5,77.4,46.8,64.7,55.8,27.0,45.8,34.0,0.56,0.496826261,0.447095519,35.75622341,5700.243243
12.5,0.25,0.25,0.38,0.5,94.6,57.2,79.0,68.2,33.0,55.9,16.0,0.26,0.542133036,0.465157167,37.83085922,6281.91711
25.0,0.5,0.25,0.5,0.63,69.7,42.1,58.2,50.2,24.3,41.2,16.0,0.26,0.450822025,0.401931944,32.31099546,5336.974729
37.5,0.75,0.25,0.25,0.25,94.6,57.2,79.0,68.2,33.0,55.9,34.0,0.56,0.246568004,0.342825548,25.0423614,2379.905214
25.0,0.5,0.38,0.38,0.75,94.6,57.2,79.0,68.2,33.0,55.9,24.0,0.39,0.437424398,0.423861178,33.3532206,4913.222919
25.0,0.25,0.25,0.25,0.25,77.4,46.8,64.7,55.8,27.0,45.8,34.0,0.56,0.393394771,0.404796043,31.1279858,3822.981667
25.0,0.5,0.25,0.63,0.75,69.7,42.1,58.2,50.2,24.3,41.2,34.0,0.56,0.38581266,0.375406416,29.13659362,4245.285732
12.5,0.25,0.38,0.38,0.75,77.4,46.8,64.7,55.8,27.0,45.8,34.0,0.56,0.606612254,0.507221731,42.93997745,7778.349159
25.0,0.5,0.38,0.38,0.63,69.7,42.1,58.2,50.2,24.3,41.2,24.0,0.39,0.478469338,0.421839609,34.26003436,5695.564416
12.5,0.25,0.25,0.25,0.5,94.6,57.2,79.0,68.2,33.0,55.9,34.0,0.56,0.369603345,0.388525442,29.31600198,3708.205024
37.5,0.25,0.25,0.25,0.25,86.0,52.0,71.9,62.0,30.0,50.8,1.0,0.1,0.437374738,0.426773305,33.53267475,4768.594369
25.0,0.5,0.38,0.5,0.63,94.6,57.2,79.0,68.2,33.0,55.9,24.0,0.39,0.425493214,0.418732102,32.85641894,4575.769909
25.0,0.5,0.25,0.5,0.75,86.0,52.0,71.9,62.0,30.0,50.8,1.0,0.1,0.532303678,0.464892019,37.78237359,6520.897596
12.5,0.25,0.38,0.5,0.75,86.0,52.0,71.9,62.0,30.0,50.8,24.0,0.39,0.589622441,0.495898084,41.54582317,7340.460767
12.5,0.25,0.25,0.63,0.63,69.7,42.1,58.2,50.2,24.3,41.2,1.0,0.1,0.538048419,0.445134287,36.96933887,6941.824131
12.5,0.25,0.25,0.38,0.25,77.4,46.8,64.7,55.8,27.0,45.8,34.0,0.56,0.488308859,0.441470296,35.11873926,5402.484081
25.0,0.5,0.25,0.5,0.75,69.7,42.1,58.2,50.2,24.3,41.2,24.0,0.39,0.459087683,0.406869398,32.70643359,5663.065794
25.0,0.5,0.25,0.5,0.5,86.0,52.0,71.9,62.0,30.0,50.8,24.0,0.39,0.447040787,0.425532717,33.3649925,4930.619033
12.5,0.25,0.38,0.5,0.5,69.7,42.1,58.2,50.2,24.3,41.2,16.0,0.26,0.56383312,0.462547404,39.20306912,7434.34904
25.0,0.5,0.25,0.63,0.75,77.4,46.8,64.7,55.8,27.0,45.8,24.0,0.39,0.4965362,0.451036893,36.28998253,6135.699979
25.0,0.5,0.25,0.63,0.5,77.4,46.8,64.7,55.8,27.0,45.8,16.0,0.26,0.496019026,0.445284233,35.48354994,6292.429621
25.0,0.5,0.25,0.38,0.63,86.0,52.0,71.9,62.0,30.0,50.8,24.0,0.39,0.45682495,0.433081146,34.30007912,4966.779453
12.5,0.25,0.25,0.25,0.75,94.6,57.2,79.0,68.2,33.0,55.9,16.0,0.26,0.58249065,0.488112101,40.57450377,7230.132504
12.5,0.25,0.25,0.25,0.5,69.7,42.1,58.2,50.2,24.3,41.2,24.0,0.39,0.509560238,0.429376052,35.37945168,6254.829217
25.0,0.25,0.25,0.25,0.25,86.0,52.0,71.9,62.0,30.0,50.8,16.0,0.26,0.433014308,0.4228466,33.11609108,4503.161856
25.0,0.5,0.25,0.75,0.75,94.6,57.2,79.0,68.2,33.0,55.9,1.0,0.1,0.52380127,0.463058596,37.69400303,6515.261449
12.5,0.25,0.25,0.38,0.5,86.0,52.0,71.9,62.0,30.0,50.8,16.0,0.26,0.582848693,0.487056813,40.37019338,7198.422854
12.5,0.25,0.25,0.25,0.38,69.7,42.1,58.2,50.2,24.3,41.2,24.0,0.39,0.492076861,0.422051395,34.43568098,5647.712261
12.5,0.25,0.38,0.38,0.5,94.6,57.2,79.0,68.2,33.0,55.9,24.0,0.39,0.4745752,0.436042539,34.68201491,5296.611091
12.5,0.25,0.25,0.38,0.25,94.6,57.2,79.0,68.2,33.0,55.9,16.0,0.26,0.500437501,0.444587916,35.38461174,5643.360448
37.5,0.75,0.25,0.25,0.25,86.0,52.0,71.9,62.0,30.0,50.8,1.0,0.1,0.444254359,0.425457642,33.44938499,4947.605663
25.0,0.5,0.25,0.63,0.63,86.0,52.0,71.9,62.0,30.0,50.8,24.0,0.39,0.454725217,0.427937649,33.55813441,5046.457343
37.5,0.25,0.25,0.25,0.25,77.4,46.8,64.7,55.8,27.0,45.8,16.0,0.26,0.426228043,0.423988312,33.29902167,4310.625398
25.0,0.25,0.25,0.25,0.25,86.0,52.0,71.9,62.0,30.0,50.8,24.0,0.39,0.376670148,0.396533319,30.21832512,3662.183125
12.5,0.25,0.25,0.75,0.63,69.7,42.1,58.2,50.2,24.3,41.2,1.0,0.1,0.527742687,0.438514042,36.31114278,6869.777604
25.0,0.5,0.25,0.38,0.75,77.4,46.8,64.7,55.8,27.0,45.8,24.0,0.39,0.476807761,0.438231396,34.74417997,5429.681612
25.0,0.5,0.38,0.63,0.5,86.0,52.0,71.9,62.0,30.0,50.8,16.0,0.26,0.545028739,0.473660277,38.94515185,6707.592585
12.5,0.25,0.25,0.75,0.75,69.7,42.1,58.2,50.2,24.3,41.2,1.0,0.1,0.523070143,0.435584965,35.90984596,6620.098774
12.5,0.25,0.25,0.25,0.5,86.0,52.0,71.9,62.0,30.0,50.8,16.0,0.26,0.575589557,0.482874674,39.83192591,6986.809961
25.0,0.5,0.25,0.38,0.75,94.6,57.2,79.0,68.2,33.0,55.9,24.0,0.39,0.394441163,0.402728888,31.0382623,4178.772056
12.5,0.25,0.25,0.75,0.63,94.6,57.2,79.0,68.2,33.0,55.9,34.0,0.56,0.429210588,0.409976946,31.57410804,4580.392997
12.5,0.25,0.25,0.25,0.25,94.6,57.2,79.0,68.2,33.0,55.9,16.0,0.26,0.490965919,0.442193092,35.13495468,5501.878077
20.0,0.537,0.117,0.409,0.058,89.0,39.0,65.6,66.0,28.0,45.3,24.0,0.39,0.384646205,0.392302807,29.74258268,3943.131681
12.5,0.25,0.25,0.38,0.5,69.7,42.1,58.2,50.2,24.3,41.2,16.0,0.26,0.526681768,0.438026493,36.25720816,6574.182468
12.5,0.25,0.38,0.5,0.75,86.0,52.0,71.9,62.0,30.0,50.8,1.0,0.1,0.644329005,0.529501569,45.61979691,8655.676437
25.0,0.5,0.25,0.38,0.63,69.7,42.1,58.2,50.2,24.3,41.2,34.0,0.56,0.384610827,0.376874346,29.3286186,4167.451239
25.0,0.5,0.38,0.38,0.5,77.4,46.8,64.7,55.8,27.0,45.8,16.0,0.26,0.534251703,0.467723959,38.19630554,6503.272041
25.0,0.5,0.38,0.5,0.5,77.4,46.8,64.7,55.8,27.0,45.8,34.0,0.56,0.493693466,0.447597174,35.84349356,5597.022161
25.0,0.5,0.25,0.38,0.5,77.4,46.8,64.7,55.8,27.0,45.8,1.0,0.1,0.530916639,0.463152392,37.5842361,6595.901577
25.0,0.5,0.38,0.5,0.63,69.7,42.1,58.2,50.2,24.3,41.2,34.0,0.56,0.427020997,0.393418576,31.37824094,4644.601168
25.0,0.5,0.38,0.38,0.5,94.6,57.2,79.0,68.2,33.0,55.9,34.0,0.56,0.358261487,0.388145286,29.38856018,3396.729889
12.5,0.25,0.38,0.5,0.63,86.0,52.0,71.9,62.0,30.0,50.8,24.0,0.39,0.582604099,0.492693356,41.17620131,7303.58812
12.5,0.25,0.25,0.38,0.38,94.6,57.2,79.0,68.2,33.0,55.9,16.0,0.26,0.524887803,0.45782887,36.97636061,5934.010884
25.0,0.5,0.25,0.5,0.5,69.7,42.1,58.2,50.2,24.3,41.2,1.0,0.1,0.460126356,0.407704613,32.81456057,5575.394471
12.5,0.25,0.25,0.5,0.5,94.6,57.2,79.0,68.2,33.0,55.9,34.0,0.56,0.385021951,0.393118491,29.80324762,3804.610168
25.0,0.5,0.25,0.38,0.75,86.0,52.0,71.9,62.0,30.0,50.8,34.0,0.56,0.386657299,0.40030353,30.68558673,4200.973747
25.0,0.5,0.25,0.38,0.5,94.6,57.2,79.0,68.2,33.0,55.9,34.0,0.56,0.308856187,0.366977261,27.19065136,2946.926015
12.5,0.25,0.25,0.38,0.25,77.4,46.8,64.7,55.8,27.0,45.8,24.0,0.39,0.511830268,0.452027468,36.30184732,5864.128447
12.5,0.25,0.25,0.25,0.75,69.7,42.1,58.2,50.2,24.3,41.2,1.0,0.1,0.549794912,0.453558339,38.3054111,7215.409709
12.5,0.25,0.25,0.38,0.38,86.0,52.0,71.9,62.0,30.0,50.8,34.0,0.56,0.435965493,0.417486081,32.514844,4673.380523
12.5,0.25,0.25,0.5,0.63,69.7,42.1,58.2,50.2,24.3,41.2,1.0,0.1,0.527399614,0.437354261,36.3854328,6677.624427
25.0,0.5,0.25,0.5,0.63,69.7,42.1,58.2,50.2,24.3,41.2,24.0,0.39,0.426173511,0.388167887,30.79835142,4924.357362
25.0,0.5,0.38,0.5,0.75,86.0,52.0,71.9,62.0,30.0,50.8,16.0,0.26,0.548124898,0.475847288,39.18303615,6754.448935
12.5,0.25,0.25,0.5,0.75,86.0,52.0,71.9,62.0,30.0,50.8,24.0,0.39,0.567958657,0.477778535,39.23966787,6862.908392
12.5,0.25,0.25,0.25,0.63,77.4,46.8,64.7,55.8,27.0,45.8,1.0,0.1,0.622622866,0.513260507,43.55016374,8174.463377
12.5,0.25,0.38,0.38,0.63,77.4,46.8,64.7,55.8,27.0,45.8,24.0,0.39,0.600388431,0.501204063,42.12881916,7604.315838
12.5,0.25,0.25,0.75,0.63,69.7,42.1,58.2,50.2,24.3,41.2,24.0,0.39,0.514537018,0.430253104,35.41408191,6335.296388
25.0,0.5,0.38,0.63,0.5,77.4,46.8,64.7,55.8,27.0,45.8,1.0,0.1,0.558394035,0.478666426,39.44864975,7184.013843
25.0,0.25,0.25,0.25,0.38,86.0,52.0,71.9,62.0,30.0,50.8,24.0,0.39,0.391964935,0.401397435,30.68639758,4045.479657
12.5,0.25,0.38,0.5,0.5,94.6,57.2,79.0,68.2,33.0,55.9,16.0,0.26,0.603524723,0.50404651,42.53222072,7455.416383
25.0,0.5,0.25,0.75,0.5,77.4,46.8,64.7,55.8,27.0,45.8,24.0,0.39,0.477641079,0.439395296,34.89511705,5639.445205
25.0,0.5,0.25,0.5,0.5,86.0,52.0,71.9,62.0,30.0,50.8,1.0,0.1,0.511413154,0.454080207,36.54153349,6109.850467
12.5,0.25,0.25,0.75,0.63,86.0,52.0,71.9,62.0,30.0,50.8,1.0,0.1,0.610993712,0.503636289,42.40915749,7963.939307
25.0,0.5,0.38,0.38,0.75,94.6,57.2,79.0,68.2,33.0,55.9,34.0,0.56,0.390063566,0.402362581,30.87322424,4010.552148
12.5,0.25,0.25,0.38,0.5,86.0,52.0,71.9,62.0,30.0,50.8,34.0,0.56,0.447668818,0.423013398,33.08835541,4850.037463
12.5,0.25,0.25,0.38,0.25,94.6,57.2,79.0,68.2,33.0,55.9,24.0,0.39,0.387351145,0.394915268,30.12737627,4016.361596
12.5,0.25,0.38,0.5,0.63,94.6,57.2,79.0,68.2,33.0,55.9,1.0,0.1,0.631790257,0.524273231,45.06919216,8284.85461
12.5,0.25,0.25,0.5,0.5,77.4,46.8,64.7,55.8,27.0,45.8,1.0,0.1,0.608344644,0.50146507,42.11266981,7933.302352
12.5,0.25,0.25,0.5,0.5,69.7,42.1,58.2,50.2,24.3,41.2,24.0,0.39,0.520592483,0.435291285,35.72822346,6320.238926
12.5,0.25,0.38,0.63,0.5,94.6,57.2,79.0,68.2,33.0,55.9,1.0,0.1,0.617635584,0.513208594,43.67027165,8086.388809
25.0,0.5,0.25,0.5,0.5,69.7,42.1,58.2,50.2,24.3,41.2,24.0,0.39,0.429000524,0.391211231,31.07883034,4936.01177
25.0,0.5,0.38,0.38,0.5,86.0,52.0,71.9,62.0,30.0,50.8,24.0,0.39,0.482854142,0.445484498,35.70587779,5428.106015
12.5,0.25,0.38,0.38,0.5,86.0,52.0,71.9,62.0,30.0,50.8,16.0,0.26,0.621376432,0.513721618,43.63998621,8134.726547
25.0,0.5,0.25,0.63,0.75,77.4,46.8,64.7,55.8,27.0,45.8,1.0,0.1,0.529779854,0.463982188,37.77937909,6880.775896
12.5,0.25,0.25,0.38,0.25,86.0,52.0,71.9,62.0,30.0,50.8,34.0,0.56,0.399193166,0.402105764,30.79125626,4079.912436
25.0,0.5,0.25,0.75,0.63,86.0,52.0,71.9,62.0,30.0,50.8,1.0,0.1,0.51425307,0.453028369,36.40698205,6254.655109
25.0,0.5,0.38,0.38,0.5,69.7,42.1,58.2,50.2,24.3,41.2,16.0,0.26,0.492994856,0.427177542,34.94019505,5791.456731
25.0,0.5,0.38,0.5,0.63,69.7,42.1,58.2,50.2,24.3,41.2,1.0,0.1,0.496618271,0.424803532,34.76957798,6467.654764
25.0,0.5,0.38,0.5,0.5,69.7,42.1,58.2,50.2,24.3,41.2,16.0,0.26,0.487117428,0.423053154,34.5252582,5911.49359
25.0,0.5,0.38,0.38,0.63,77.4,46.8,64.7,55.8,27.0,45.8,1.0,0.1,0.568853507,0.485912698,40.35118636,7536.096872
25.0,0.5,0.38,0.5,0.5,86.0,52.0,71.9,62.0,30.0,50.8,34.0,0.56,0.422547698,0.416785571,32.5057415,4493.644089
12.5,0.25,0.25,0.63,0.75,94.6,57.2,79.0,68.2,33.0,55.9,16.0,0.26,0.595065655,0.491901278,40.86547798,7529.175053
25.0,0.5,0.38,0.5,0.75,94.6,57.2,79.0,68.2,33.0,55.9,16.0,0.26,0.53434503,0.468896154,38.34358882,6347.560759
37.5,0.75,0.25,0.25,0.25,69.7,42.1,58.2,50.2,24.3,41.2,16.0,0.26,0.379906235,0.375616334,29.07835591,4057.555205
25.0,0.5,0.38,0.5,0.75,69.7,42.1,58.2,50.2,24.3,41.2,34.0,0.56,0.449875425,0.413096652,33.23980604,5330.631336
25.0,0.5,0.25,0.5,0.75,94.6,57.2,79.0,68.2,33.0,55.9,1.0,0.1,0.504435443,0.452484359,36.43078186,6072.83443
12.5,0.25,0.25,0.5,0.75,77.4,46.8,64.7,55.8,27.0,45.8,16.0,0.26,0.603493403,0.497864974,41.61500537,7713.479598
12.5,0.25,0.25,0.38,0.75,77.4,46.8,64.7,55.8,27.0,45.8,24.0,0.39,0.586760249,0.490357436,40.7940564,7400.775379
12.5,0.25,0.38,0.38,0.75,94.6,57.2,79.0,68.2,33.0,55.9,24.0,0.39,0.508991582,0.453940904,36.81673726,6071.228897
12.5,0.25,0.25,0.25,0.38,94.6,57.2,79.0,68.2,33.0,55.9,16.0,0.26,0.512802719,0.452143551,36.31159312,5746.777027
12.5,0.25,0.25,0.38,0.63,69.7,42.1,58.2,50.2,24.3,41.2,34.0,0.56,0.465804378,0.407609786,32.6584962,5200.578495
25.0,0.5,0.25,0.63,0.63,94.6,57.2,79.0,68.2,33.0,55.9,1.0,0.1,0.509001253,0.455135389,36.69768447,6079.085257
25.0,0.5,0.25,0.63,0.75,94.6,57.2,79.0,68.2,33.0,55.9,16.0,0.26,0.496270554,0.448256199,35.89837298,5750.881068
12.5,0.25,0.25,0.25,0.63,77.4,46.8,64.7,55.8,27.0,45.8,34.0,0.56,0.548724554,0.470373306,38.37855771,6400.022213
12.5,0.25,0.25,0.75,0.63,94.6,57.2,79.0,68.2,33.0,55.9,16.0,0.26,0.587319779,0.488005014,40.4613306,7369.685585
12.5,0.25,0.25,0.75,0.5,86.0,52.0,71.9,62.0,30.0,50.8,34.0,0.56,0.467741485,0.429230513,33.75309045,5136.93247
12.5,0.25,0.38,0.5,0.63,77.4,46.8,64.7,55.8,27.0,45.8,34.0,0.56,0.598281018,0.498478897,41.78031158,7557.46014
25.0,0.5,0.25,0.38,0.75,77.4,46.8,64.7,55.8,27.0,45.8,34.0,0.56,0.483671436,0.442952601,35.37114225,5381.272664
12.5,0.25,0.25,0.75,0.75,94.6,57.2,79.0,68.2,33.0,55.9,16.0,0.26,0.601161249,0.495799217,41.36318078,7558.005885
25.0,0.5,0.38,0.38,0.75,86.0,52.0,71.9,62.0,30.0,50.8,24.0,0.39,0.511522719,0.460322355,37.44044874,6020.87569
25.0,0.5,0.25,0.5,0.5,94.6,57.2,79.0,68.2,33.0,55.9,16.0,0.26,0.467905283,0.437062839,34.69390641,5453.993821
12.5,0.25,0.38,0.5,0.75,94.6,57.2,79.0,68.2,33.0,55.9,24.0,0.39,0.506190323,0.452074913,36.55432716,5807.006933
12.5,0.25,0.25,0.63,0.63,94.6,57.2,79.0,68.2,33.0,55.9,24.0,0.39,0.473142233,0.430905502,34.01445364,5446.697471
12.5,0.25,0.38,0.5,0.5,86.0,52.0,71.9,62.0,30.0,50.8,24.0,0.39,0.576602444,0.487427885,40.46221144,7064.169775
12.5,0.25,0.25,0.38,0.63,77.4,46.8,64.7,55.8,27.0,45.8,16.0,0.26,0.594206083,0.493257523,41.08127039,7548.34706
12.5,0.25,0.38,0.5,0.75,94.6,57.2,79.0,68.2,33.0,55.9,34.0,0.56,0.480707687,0.436459223,34.60429153,5329.263197
25.0,0.5,0.25,0.75,0.5,94.6,57.2,79.0,68.2,33.0,55.9,24.0,0.39,0.386011221,0.397661192,30.5255093,4056.834271
25.0,0.5,0.25,0.38,0.5,94.6,57.2,79.0,68.2,33.0,55.9,16.0,0.26,0.464411249,0.433195442,34.15934595,5205.320295
12.5,0.25,0.25,0.25,0.5,77.4,46.8,64.7,55.8,27.0,45.8,1.0,0.1,0.613333283,0.504056677,42.40766225,7825.874922
12.5,0.25,0.38,0.5,0.5,94.6,57.2,79.0,68.2,33.0,55.9,34.0,0.56,0.424778393,0.409907136,31.50270183,4433.536966
25.0,0.5,0.25,0.63,0.63,86.0,52.0,71.9,62.0,30.0,50.8,34.0,0.56,0.392583006,0.401719969,30.80685608,4232.762305
20.0,0.0,0.117,0.409,0.058,86.0,52.0,71.9,62.0,30.0,50.8,3.77,0.06,0.380852104,0.39604355,30.05252128,3923.906282
25.0,0.5,0.25,0.38,0.75,69.7,42.1,58.2,50.2,24.3,41.2,24.0,0.39,0.455795758,0.409760795,32.74377319,5395.33158
25.0,0.5,0.25,0.38,0.63,94.6,57.2,79.0,68.2,33.0,55.9,16.0,0.26,0.47973321,0.443962193,35.55511529,5636.308737
25.0,0.5,0.38,0.5,0.5,86.0,52.0,71.9,62.0,30.0,50.8,24.0,0.39,0.489635345,0.445497348,35.6026819,5645.146626
25.0,0.5,0.25,0.63,0.5,86.0,52.0,71.9,62.0,30.0,50.8,24.0,0.39,0.442626748,0.424874062,33.28480863,5042.640339
12.5,0.25,0.25,0.25,0.75,69.7,42.1,58.2,50.2,24.3,41.2,34.0,0.56,0.467812388,0.412478904,33.221987,5377.270863
25.0,0.5,0.38,0.5,0.5,77.4,46.8,64.7,55.8,27.0,45.8,1.0,0.1,0.566355374,0.483787993,39.98873363,7565.211237
25.0,0.5,0.25,0.63,0.5,77.4,46.8,64.7,55.8,27.0,45.8,1.0,0.1,0.533393093,0.465952713,37.87016972,6619.846953
25.0,0.5,0.25,0.75,0.5,77.4,46.8,64.7,55.8,27.0,45.8,16.0,0.26,0.514086408,0.456066643,36.83081961,6397.355689
12.5,0.25,0.25,0.38,0.75,94.6,57.2,79.0,68.2,33.0,55.9,16.0,0.26,0.593049003,0.493757519,41.22334958,7399.875886
12.5,0.25,0.25,0.5,0.5,86.0,52.0,71.9,62.0,30.0,50.8,24.0,0.39,0.535877448,0.462697311,37.55556802,6368.849821
25.0,0.5,0.38,0.38,0.5,86.0,52.0,71.9,62.0,30.0,50.8,1.0,0.1,0.551264467,0.478135139,39.4849869,6821.808099
20.0,0.0,0.293,0.234,0.058,86.0,52.0,71.9,62.0,30.0,50.8,3.77,0.06,0.497503209,0.453338519,36.63337572,5449.421199
25.0,0.5,0.38,0.38,0.75,77.4,46.8,64.7,55.8,27.0,45.8,34.0,0.56,0.51175153,0.459224426,37.29886067,5919.430755
25.0,0.5,0.25,0.38,0.63,77.4,46.8,64.7,55.8,27.0,45.8,16.0,0.26,0.510102557,0.453994528,36.49496278,6115.947066
25.0,0.5,0.25,0.63,0.63,94.6,57.2,79.0,68.2,33.0,55.9,24.0,0.39,0.383581787,0.395502524,30.27497178,3948.986911
25.0,0.5,0.25,0.38,0.5,69.7,42.1,58.2,50.2,24.3,41.2,24.0,0.39,0.432419853,0.394168935,31.44841986,4952.013044
12.5,0.25,0.38,0.5,0.75,86.0,52.0,71.9,62.0,30.0,50.8,34.0,0.56,0.529070993,0.460627726,37.35683231,6146.831516
25.0,0.5,0.25,0.75,0.75,86.0,52.0,71.9,62.0,30.0,50.8,1.0,0.1,0.539252868,0.469978321,38.48035199,6994.248011
12.5,0.25,0.25,0.5,0.75,69.7,42.1,58.2,50.2,24.3,41.2,24.0,0.39,0.521906846,0.432226587,35.77113923,6621.250814
12.5,0.25,0.38,0.5,0.63,77.4,46.8,64.7,55.8,27.0,45.8,1.0,0.1,0.62818447,0.517544673,44.10669723,8489.691924
25.0,0.5,0.38,0.5,0.75,69.7,42.1,58.2,50.2,24.3,41.2,16.0,0.26,0.498715892,0.431072001,35.18441169,6034.642135
25.0,0.5,0.25,0.38,0.75,77.4,46.8,64.7,55.8,27.0,45.8,16.0,0.26,0.50706065,0.450498441,36.04777028,6239.533493
25.0,0.5,0.25,0.38,0.75,86.0,52.0,71.9,62.0,30.0,50.8,1.0,0.1,0.539747718,0.470852882,38.60776797,6826.208733
25.0,0.5,0.25,0.38,0.5,94.6,57.2,79.0,68.2,33.0,55.9,1.0,0.1,0.477832221,0.439278501,34.8789274,5524.145415
12.5,0.25,0.25,0.25,0.38,77.4,46.8,64.7,55.8,27.0,45.8,1.0,0.1,0.599556267,0.495185183,41.25028935,7570.48492
25.0,0.5,0.25,0.5,0.75,69.7,42.1,58.2,50.2,24.3,41.2,34.0,0.56,0.398218446,0.381184884,29.80390835,4336.100956
25.0,0.5,0.38,0.38,0.63,77.4,46.8,64.7,55.8,27.0,45.8,34.0,0.56,0.515012624,0.459420676,37.21402074,5966.711278
25.0,0.5,0.38,0.38,0.75,94.6,57.2,79.0,68.2,33.0,55.9,1.0,0.1,0.552071106,0.476382696,39.23039094,6903.873395
12.5,0.25,0.25,0.25,0.25,69.7,42.1,58.2,50.2,24.3,41.2,24.0,0.39,0.482908968,0.418055839,33.84753901,5482.081299
25.0,0.5,0.38,0.5,0.63,86.0,52.0,71.9,62.0,30.0,50.8,16.0,0.26,0.553663086,0.478760617,39.50571347,6948.2288
12.5,0.25,0.25,0.38,0.75,69.7,42.1,58.2,50.2,24.3,41.2,1.0,0.1,0.544644313,0.44959908,37.77154371,7028.673498
37.5,0.75,0.25,0.25,0.25,77.4,46.8,64.7,55.8,27.0,45.8,16.0,0.26,0.427977027,0.414710939,32.33415267,4234.868585
12.5,0.25,0.25,0.25,0.38,69.7,42.1,58.2,50.2,24.3,41.2,16.0,0.26,0.517721232,0.432440021,35.50033008,6198.064956
25.0,0.5,0.38,0.38,0.63,86.0,52.0,71.9,62.0,30.0,50.8,34.0,0.56,0.434546355,0.424380104,33.43397592,4696.443943
12.5,0.25,0.25,0.25,0.25,94.6,57.2,79.0,68.2,33.0,55.9,34.0,0.56,0.323727288,0.370487534,27.44242745,3139.432546
25.0,0.5,0.25,0.38,0.5,69.7,42.1,58.2,50.2,24.3,41.2,34.0,0.56,0.375383664,0.370480992,28.80786754,4290.964878
12.5,0.25,0.38,0.5,0.63,86.0,52.0,71.9,62.0,30.0,50.8,34.0,0.56,0.522435446,0.457945593,37.03329756,5954.513153
12.5,0.25,0.38,0.38,0.63,94.6,57.2,79.0,68.2,33.0,55.9,24.0,0.39,0.498657334,0.448608762,36.11395452,5777.3754
25.0,0.5,0.25,0.38,0.63,94.6,57.2,79.0,68.2,33.0,55.9,34.0,0.56,0.325920891,0.373748945,27.91944764,3276.362058
25.0,0.5,0.25,0.38,0.75,94.6,57.2,79.0,68.2,33.0,55.9,34.0,0.56,0.340063353,0.381767872,28.76356526,3519.431306
25.0,0.5,0.25,0.75,0.63,69.7,42.1,58.2,50.2,24.3,41.2,24.0,0.39,0.466109593,0.414753539,33.28905228,5932.239093
25.0,0.5,0.38,0.63,0.5,86.0,52.0,71.9,62.0,30.0,50.8,1.0,0.1,0.55599359,0.477181542,39.23411184,7007.66825
12.5,0.25,0.25,0.75,0.5,77.4,46.8,64.7,55.8,27.0,45.8,24.0,0.39,0.556715923,0.471125278,38.45140921,6671.072643
12.5,0.25,0.38,0.38,0.5,77.4,46.8,64.7,55.8,27.0,45.8,1.0,0.1,0.635315515,0.524860365,45.07802445,8652.043342
12.5,0.25,0.38,0.5,0.5,77.4,46.8,64.7,55.8,27.0,45.8,1.0,0.1,0.631033926,0.520003767,44.49542302,8538.462001
12.5,0.25,0.25,0.38,0.25,69.7,42.1,58.2,50.2,24.3,41.2,16.0,0.26,0.505619046,0.429150584,35.23885567,5914.16491
12.5,0.25,0.25,0.25,0.5,86.0,52.0,71.9,62.0,30.0,50.8,34.0,0.56,0.435969213,0.419720202,32.81579359,4684.893205
25.0,0.5,0.25,0.75,0.75,69.7,42.1,58.2,50.2,24.3,41.2,24.0,0.39,0.452690306,0.401506621,32.27459053,5495.365345
12.5,0.25,0.25,0.75,0.63,86.0,52.0,71.9,62.0,30.0,50.8,16.0,0.26,0.592798225,0.491169185,40.84238532,7440.712007
12.5,0.25,0.25,0.75,0.5,69.7,42.1,58.2,50.2,24.3,41.2,24.0,0.39,0.518556034,0.433841405,35.48700839,6500.097782
12.5,0.25,0.25,0.25,0.25,77.4,46.8,64.7,55.8,27.0,45.8,1.0,0.1,0.57967664,0.486201582,40.26540842,7041.380179
25.0,0.5,0.25,0.38,0.63,77.4,46.8,64.7,55.8,27.0,45.8,34.0,0.56,0.470643424,0.437265704,34.70241183,5234.746964
12.5,0.25,0.38,0.38,0.63,69.7,42.1,58.2,50.2,24.3,41.2,24.0,0.39,0.564981991,0.467219599,39.50188081,7219.760394
12.5,0.25,0.38,0.5,0.63,86.0,52.0,71.9,62.0,30.0,50.8,16.0,0.26,0.625727004,0.516063505,43.95536146,8116.531753
12.5,0.25,0.38,0.5,0.63,69.7,42.1,58.2,50.2,24.3,41.2,24.0,0.39,0.538703555,0.446450716,37.55181473,6772.933474
12.5,0.25,0.25,0.63,0.75,69.7,42.1,58.2,50.2,24.3,41.2,16.0,0.26,0.531891546,0.440785841,36.46634183,6770.23332
25.0,0.5,0.38,0.63,0.5,69.7,42.1,58.2,50.2,24.3,41.2,16.0,0.26,0.494677622,0.429702536,34.78488765,6292.960756
12.5,0.25,0.25,0.63,0.75,86.0,52.0,71.9,62.0,30.0,50.8,34.0,0.56,0.506742719,0.449545727,36.09829713,5811.211473
12.5,0.25,0.25,0.75,0.5,77.4,46.8,64.7,55.8,27.0,45.8,16.0,0.26,0.583697575,0.48651762,40.2744187,7417.81497
25.0,0.5,0.38,0.5,0.63,77.4,46.8,64.7,55.8,27.0,45.8,16.0,0.26,0.550864261,0.476928353,39.33656697,6909.429998
25.0,0.25,0.25,0.25,0.38,94.6,57.2,79.0,68.2,33.0,55.9,24.0,0.39,0.335529768,0.378528127,28.45383631,3385.148001
12.5,0.25,0.25,0.25,0.5,94.6,57.2,79.0,68.2,33.0,55.9,1.0,0.1,0.573428227,0.483047479,39.92972033,7122.490558
12.5,0.25,0.25,0.25,0.63,69.7,42.1,58.2,50.2,24.3,41.2,16.0,0.26,0.54613583,0.453001484,37.97024343,6898.390949
12.5,0.25,0.38,0.38,0.5,86.0,52.0,71.9,62.0,30.0,50.8,34.0,0.56,0.494906594,0.444967734,35.62231346,5527.425034
25.0,0.5,0.25,0.75,0.75,77.4,46.8,64.7,55.8,27.0,45.8,24.0,0.39,0.490016595,0.445717779,35.64822051,5830.89362
37.5,0.25,0.25,0.25,0.25,86.0,52.0,71.9,62.0,30.0,50.8,34.0,0.56,0.288159094,0.359458632,26.48732245,2688.028831
25.0,0.5,0.25,0.38,0.75,86.0,52.0,71.9,62.0,30.0,50.8,24.0,0.39,0.467156853,0.435851115,34.48550991,5424.123512
12.5,0.25,0.25,0.38,0.63,69.7,42.1,58.2,50.2,24.3,41.2,24.0,0.39,0.50831235,0.426746554,35.11807556,6188.477141
25.0,0.5,0.38,0.5,0.75,77.4,46.8,64.7,55.8,27.0,45.8,1.0,0.1,0.569329938,0.486931048,40.50451387,7771.010274
25.0,0.5,0.25,0.75,0.63,69.7,42.1,58.2,50.2,24.3,41.2,1.0,0.1,0.470593127,0.411220309,33.16394425,5931.752803
12.5,0.25,0.38,0.38,0.75,69.7,42.1,58.2,50.2,24.3,41.2,24.0,0.39,0.551891558,0.455238354,38.74276374,7298.002602
25.0,0.5,0.25,0.5,0.75,94.6,57.2,79.0,68.2,33.0,55.9,16.0,0.26,0.496598201,0.447853006,35.82485206,5970.681858
12.5,0.25,0.38,0.5,0.75,94.6,57.2,79.0,68.2,33.0,55.9,1.0,0.1,0.640742728,0.527735445,45.40338621,8562.370774
12.5,0.25,0.25,0.38,0.25,77.4,46.8,64.7,55.8,27.0,45.8,1.0,0.1,0.578114733,0.485218942,40.16166766,7181.425216
12.5,0.25,0.25,0.38,0.75,94.6,57.2,79.0,68.2,33.0,55.9,1.0,0.1,0.601404506,0.498282106,41.72079694,7517.440772
25.0,0.5,0.25,0.38,0.5,69.7,42.1,58.2,50.2,24.3,41.2,16.0,0.26,0.455340281,0.403129918,32.46181948,5403.69852
37.5,0.25,0.25,0.25,0.25,94.6,57.2,79.0,68.2,33.0,55.9,1.0,0.1,0.381314223,0.40248084,30.79374092,3900.344042
12.5,0.25,0.25,0.25,0.5,86.0,52.0,71.9,62.0,30.0,50.8,24.0,0.39,0.507748656,0.450537939,36.16604354,5852.874202
12.5,0.25,0.25,0.63,0.5,94.6,57.2,79.0,68.2,33.0,55.9,24.0,0.39,0.454937519,0.423865656,33.26713681,5151.386473
12.5,0.25,0.25,0.63,0.5,94.6,57.2,79.0,68.2,33.0,55.9,1.0,0.1,0.586303901,0.490981116,40.92210139,7570.608619
12.5,0.25,0.25,0.5,0.5,69.7,42.1,58.2,50.2,24.3,41.2,1.0,0.1,0.52698696,0.438669933,36.34050331,6696.23571
12.5,0.25,0.25,0.63,0.5,86.0,52.0,71.9,62.0,30.0,50.8,16.0,0.26,0.575237945,0.481173502,39.64669117,7207.420303
37.5,0.75,0.25,0.25,0.25,94.6,57.2,79.0,68.2,33.0,55.9,1.0,0.1,0.407564155,0.40878935,31.56258602,4303.94303
12.5,0.25,0.25,0.75,0.75,69.7,42.1,58.2,50.2,24.3,41.2,34.0,0.56,0.480386371,0.41390409,33.33119375,5535.05665
25.0,0.5,0.25,0.38,0.75,86.0,52.0,71.9,62.0,30.0,50.8,16.0,0.26,0.506260198,0.453119748,36.54784977,6117.4759
25.0,0.5,0.25,0.75,0.5,69.7,42.1,58.2,50.2,24.3,41.2,24.0,0.39,0.41985138,0.383219703,30.22351864,4867.94772
25.0,0.5,0.25,0.38,0.63,86.0,52.0,71.9,62.0,30.0,50.8,16.0,0.26,0.496636394,0.448972519,35.98855463,5920.487176
25.0,0.5,0.38,0.38,0.5,77.4,46.8,64.7,55.8,27.0,45.8,24.0,0.39,0.521414646,0.462795445,37.71251297,6409.140005
12.5,0.25,0.25,0.38,0.25,77.4,46.8,64.7,55.8,27.0,45.8,16.0,0.26,0.543968929,0.468039601,38.17159714,6529.982317
12.5,0.25,0.25,0.25,0.38,86.0,52.0,71.9,62.0,30.0,50.8,16.0,0.26,0.552129108,0.471650366,38.57716666,6578.235221
25.0,0.5,0.25,0.5,0.5,69.7,42.1,58.2,50.2,24.3,41.2,16.0,0.26,0.459358436,0.41015323,33.07391322,5552.723871
12.5,0.25,0.25,0.75,0.75,94.6,57.2,79.0,68.2,33.0,55.9,1.0,0.1,0.610860604,0.503371107,42.33928002,7861.465383
12.5,0.25,0.25,0.25,0.25,86.0,52.0,71.9,62.0,30.0,50.8,34.0,0.56,0.391598449,0.400083453,30.66218699,3968.330182
12.5,0.25,0.25,0.63,0.75,77.4,46.8,64.7,55.8,27.0,45.8,34.0,0.56,0.582482579,0.487075422,40.33534199,7234.255248
12.5,0.25,0.25,0.25,0.25,86.0,52.0,71.9,62.0,30.0,50.8,16.0,0.26,0.521950271,0.456936833,36.85236256,5996.078548
25.0,0.5,0.25,0.5,0.5,77.4,46.8,64.7,55.8,27.0,45.8,16.0,0.26,0.497274998,0.450749828,36.36293728,5964.791108
25.0,0.5,0.25,0.38,0.5,77.4,46.8,64.7,55.8,27.0,45.8,16.0,0.26,0.498261098,0.452630705,36.62496616,6037.686131
25.0,0.5,0.25,0.5,0.63,77.4,46.8,64.7,55.8,27.0,45.8,1.0,0.1,0.532728714,0.466474508,38.0603745,6801.49205
12.5,0.25,0.25,0.63,0.75,69.7,42.1,58.2,50.2,24.3,41.2,24.0,0.39,0.530291604,0.440241496,36.54941505,6482.705721
12.5,0.25,0.38,0.5,0.63,69.7,42.1,58.2,50.2,24.3,41.2,34.0,0.56,0.489083314,0.417908804,34.3041215,5882.965617
25.0,0.5,0.25,0.5,0.75,86.0,52.0,71.9,62.0,30.0,50.8,16.0,0.26,0.520180895,0.460264893,37.25789282,6320.961115
25.0,0.5,0.38,0.38,0.75,69.7,42.1,58.2,50.2,24.3,41.2,24.0,0.39,0.48638367,0.423927032,34.87598919,6060.641491
12.5,0.25,0.38,0.38,0.5,94.6,57.2,79.0,68.2,33.0,55.9,16.0,0.26,0.595306377,0.498055536,41.76622653,7406.902484
12.5,0.25,0.25,0.38,0.63,94.6,57.2,79.0,68.2,33.0,55.9,34.0,0.56,0.402052391,0.4002977,30.5797224,4179.185917
25.0,0.5,0.25,0.63,0.5,94.6,57.2,79.0,68.2,33.0,55.9,16.0,0.26,0.474009658,0.439040667,34.89580066,5333.973572
12.5,0.25,0.25,0.25,0.75,69.7,42.1,58.2,50.2,24.3,41.2,24.0,0.39,0.529678291,0.440298814,36.67145553,6615.690061
12.5,0.25,0.38,0.38,0.5,86.0,52.0,71.9,62.0,30.0,50.8,24.0,0.39,0.566076664,0.481349777,39.7419306,6848.626223
12.5,0.25,0.25,0.5,0.75,86.0,52.0,71.9,62.0,30.0,50.8,1.0,0.1,0.619006054,0.511116064,43.2784975,8002.997103
12.5,0.25,0.25,0.5,0.75,77.4,46.8,64.7,55.8,27.0,45.8,24.0,0.39,0.574796304,0.482118713,39.77346165,7172.435009
12.5,0.25,0.38,0.38,0.75,94.6,57.2,79.0,68.2,33.0,55.9,1.0,0.1,0.642881721,0.532772006,46.13942523,8605.199951
12.5,0.25,0.25,0.38,0.38,94.6,57.2,79.0,68.2,33.0,55.9,34.0,0.56,0.356664626,0.381078645,28.49966552,3494.942958
12.5,0.25,0.38,0.38,0.63,86.0,52.0,71.9,62.0,30.0,50.8,16.0,0.26,0.626397463,0.516147572,43.93700206,8298.206974
20.0,0.537,0.117,0.409,0.058,89.0,39.0,65.6,66.0,28.0,45.3,3.77,0.06,0.401537849,0.399935482,30.58216104,4166.299735
25.0,0.5,0.25,0.63,0.63,77.4,46.8,64.7,55.8,27.0,45.8,34.0,0.56,0.468832886,0.436865942,34.62804711,5538.913011
25.0,0.5,0.38,0.5,0.75,94.6,57.2,79.0,68.2,33.0,55.9,34.0,0.56,0.387861179,0.400831119,30.74970088,3901.989548
12.5,0.25,0.25,0.38,0.38,69.7,42.1,58.2,50.2,24.3,41.2,1.0,0.1,0.532426131,0.442535249,36.82816896,6746.454602
25.0,0.5,0.38,0.5,0.75,94.6,57.2,79.0,68.2,33.0,55.9,1.0,0.1,0.560445243,0.483702858,40.12609155,7415.894412
12.5,0.25,0.25,0.63,0.5,77.4,46.8,64.7,55.8,27.0,45.8,24.0,0.39,0.560709036,0.475184735,38.99704008,6887.466493
25.0,0.5,0.25,0.38,0.63,69.7,42.1,58.2,50.2,24.3,41.2,1.0,0.1,0.46082121,0.405976473,32.68039834,5628.882801
12.5,0.25,0.25,0.38,0.25,69.7,42.1,58.2,50.2,24.3,41.2,34.0,0.56,0.4096968,0.383563534,29.94364365,4340.82151
25.0,0.5,0.38,0.5,0.63,86.0,52.0,71.9,62.0,30.0,50.8,24.0,0.39,0.502979625,0.450692194,36.16966007,5755.700162
12.5,0.25,0.38,0.38,0.75,94.6,57.2,79.0,68.2,33.0,55.9,34.0,0.56,0.468305902,0.431946288,34.12272267,5199.792105
12.5,0.25,0.38,0.5,0.5,69.7,42.1,58.2,50.2,24.3,41.2,34.0,0.56,0.488485703,0.418219535,34.25153963,6024.945992
25.0,0.5,0.25,0.63,0.63,94.6,57.2,79.0,68.2,33.0,55.9,34.0,0.56,0.343963231,0.381851426,28.79344014,3502.082918
20.0,0.0,0.0,0.585,0.0,86.0,52.0,71.9,62.0,30.0,50.8,3.77,0.06,0.249334678,0.320727305,23.41277571,2605.696759
25.0,0.5,0.38,0.38,0.63,69.7,42.1,58.2,50.2,24.3,41.2,34.0,0.56,0.430443779,0.402182926,32.09005649,4737.639245
25.0,0.5,0.25,0.63,0.75,94.6,57.2,79.0,68.2,33.0,55.9,1.0,0.1,0.519208599,0.459101737,37.07093657,6493.472526
12.5,0.25,0.25,0.63,0.63,69.7,42.1,58.2,50.2,24.3,41.2,34.0,0.56,0.465199368,0.409384028,32.88039453,5313.378277
12.5,0.25,0.38,0.5,0.5,77.4,46.8,64.7,55.8,27.0,45.8,16.0,0.26,0.611462998,0.504716807,42.50852244,7903.513509
25.0,0.5,0.25,0.75,0.63,77.4,46.8,64.7,55.8,27.0,45.8,34.0,0.56,0.468192461,0.435692713,34.5553911,5154.975914
12.5,0.25,0.25,0.5,0.5,94.6,57.2,79.0,68.2,33.0,55.9,16.0,0.26,0.570329618,0.480779062,39.67566796,7161.961901
12.5,0.25,0.38,0.38,0.5,94.6,57.2,79.0,68.2,33.0,55.9,1.0,0.1,0.614621141,0.513728593,43.7550339,8090.417127
12.5,0.25,0.25,0.38,0.63,86.0,52.0,71.9,62.0,30.0,50.8,1.0,0.1,0.621749749,0.511298321,43.28624094,8064.73881
12.5,0.25,0.38,0.38,0.63,77.4,46.8,64.7,55.8,27.0,45.8,1.0,0.1,0.638787728,0.524904141,44.99434918,8634.775829
12.5,0.25,0.25,0.25,0.63,86.0,52.0,71.9,62.0,30.0,50.8,16.0,0.26,0.595273348,0.494398082,41.2557857,7451.725625
12.5,0.25,0.25,0.38,0.25,86.0,52.0,71.9,62.0,30.0,50.8,24.0,0.39,0.46751899,0.429710486,33.71103509,5085.844733
12.5,0.25,0.25,0.38,0.5,77.4,46.8,64.7,55.8,27.0,45.8,34.0,0.56,0.540082008,0.463759475,37.60167915,6331.867217
25.0,0.5,0.25,0.38,0.75,69.7,42.1,58.2,50.2,24.3,41.2,34.0,0.56,0.402838656,0.379342921,29.83315835,4460.914573
25.0,0.5,0.25,0.63,0.5,94.6,57.2,79.0,68.2,33.0,55.9,24.0,0.39,0.36099568,0.388860282,29.55801912,3828.16556
25.0,0.5,0.25,0.63,0.75,69.7,42.1,58.2,50.2,24.3,41.2,1.0,0.1,0.452394363,0.401162763,32.02764698,5732.24032
40.0,0.537,0.117,0.409,0.058,86.0,52.0,71.9,62.0,30.0,50.8,3.77,0.06,0.342841074,0.377915162,28.46200492,3373.436842
25.0,0.25,0.25,0.25,0.25,69.7,42.1,58.2,50.2,24.3,41.2,34.0,0.56,0.337022711,0.358821427,27.62154773,3182.698648
12.5,0.25,0.25,0.75,0.75,86.0,52.0,71.9,62.0,30.0,50.8,1.0,0.1,0.620391949,0.511834352,43.37204316,8254.05731
37.5,0.75,0.25,0.25,0.25,94.6,57.2,79.0,68.2,33.0,55.9,16.0,0.26,0.383786508,0.399172403,30.54630597,3866.798965
12.5,0.25,0.38,0.63,0.5,86.0,52.0,71.9,62.0,30.0,50.8,16.0,0.26,0.612209289,0.506686303,42.79905453,7884.567722
12.5,0.25,0.25,0.25,0.38,86.0,52.0,71.9,62.0,30.0,50.8,1.0,0.1,0.58704878,0.492820232,41.13589278,7267.28344
12.5,0.25,0.25,0.38,0.75,77.4,46.8,64.7,55.8,27.0,45.8,34.0,0.56,0.574708327,0.484698098,40.11817697,7048.870716
25.0,0.5,0.25,0.75,0.5,94.6,57.2,79.0,68.2,33.0,55.9,34.0,0.56,0.334220017,0.377888031,28.28409524,3501.179921
12.5,0.25,0.38,0.5,0.63,86.0,52.0,71.9,62.0,30.0,50.8,1.0,0.1,0.645475445,0.530933466,45.80306982,8823.690108
12.5,0.25,0.25,0.5,0.75,69.7,42.1,58.2,50.2,24.3,41.2,16.0,0.26,0.55235942,0.455179564,38.04275581,7103.508943
12.5,0.25,0.25,0.75,0.75,86.0,52.0,71.9,62.0,30.0,50.8,16.0,0.26,0.612633396,0.502786993,42.17176453,7914.171177
12.5,0.25,0.38,0.5,0.5,94.6,57.2,79.0,68.2,33.0,55.9,24.0,0.39,0.481328623,0.438612787,34.95207208,5504.750825
12.5,0.25,0.25,0.25,0.63,77.4,46.8,64.7,55.8,27.0,45.8,24.0,0.39,0.555568429,0.472670389,38.65527495,6808.263611
12.5,0.25,0.25,0.5,0.5,77.4,46.8,64.7,55.8,27.0,45.8,34.0,0.56,0.541142146,0.463558518,37.54210856,6361.489513
25.0,0.5,0.25,0.5,0.75,94.6,57.2,79.0,68.2,33.0,55.9,34.0,0.56,0.334593591,0.377566465,28.28286806,3244.329258
12.5,0.25,0.25,0.25,0.38,94.6,57.2,79.0,68.2,33.0,55.9,24.0,0.39,0.399362246,0.400247657,30.7671091,4177.015203
25.0,0.25,0.25,0.25,0.38,94.6,57.2,79.0,68.2,33.0,55.9,34.0,0.56,0.283055065,0.355875536,26.05469186,2452.680747
25.0,0.5,0.25,0.75,0.75,86.0,52.0,71.9,62.0,30.0,50.8,34.0,0.56,0.421629852,0.414272565,32.15868546,4584.453554
12.5,0.25,0.25,0.25,0.63,69.7,42.1,58.2,50.2,24.3,41.2,24.0,0.39,0.532704207,0.447647041,36.99403039,6480.80815
12.5,0.25,0.25,0.25,0.5,77.4,46.8,64.7,55.8,27.0,45.8,34.0,0.56,0.530709113,0.460796109,37.25124178,6093.315271
25.0,0.5,0.38,0.5,0.75,77.4,46.8,64.7,55.8,27.0,45.8,16.0,0.26,0.546259537,0.473088807,38.82636429,6919.34518
12.5,0.25,0.25,0.5,0.5,94.6,57.2,79.0,68.2,33.0,55.9,1.0,0.1,0.582954458,0.488176027,40.55976952,7243.226111
25.0,0.5,0.25,0.63,0.63,86.0,52.0,71.9,62.0,30.0,50.8,16.0,0.26,0.509782413,0.455453173,36.81018683,6202.327017
12.5,0.25,0.25,0.25,0.75,77.4,46.8,64.7,55.8,27.0,45.8,16.0,0.26,0.607396172,0.501359058,42.07457289,7829.514
12.5,0.25,0.25,0.25,0.63,94.6,57.2,79.0,68.2,33.0,55.9,34.0,0.56,0.397278517,0.398863863,30.39027791,4068.350665
25.0,0.5,0.25,0.63,0.75,69.7,42.1,58.2,50.2,24.3,41.2,16.0,0.26,0.462996546,0.405525072,32.79766623,5684.143505
37.5,0.25,0.25,0.25,0.25,94.6,57.2,79.0,68.2,33.0,55.9,24.0,0.39,0.279535801,0.35441498,26.28235597,2508.375673
25.0,0.5,0.38,0.5,0.75,77.4,46.8,64.7,55.8,27.0,45.8,34.0,0.56,0.513772901,0.45807618,37.08458041,5862.805454
12.5,0.25,0.25,0.25,0.5,69.7,42.1,58.2,50.2,24.3,41.2,34.0,0.56,0.443297352,0.399723843,31.90931611,4868.211449
12.5,0.25,0.25,0.75,0.5,69.7,42.1,58.2,50.2,24.3,41.2,34.0,0.56,0.453234697,0.401236607,32.21562101,5345.991061
12.5,0.25,0.38,0.38,0.63,69.7,42.1,58.2,50.2,24.3,41.2,1.0,0.1,0.573204799,0.46935993,39.81661146,7555.171595
12.5,0.25,0.38,0.38,0.5,69.7,42.1,58.2,50.2,24.3,41.2,16.0,0.26,0.563746659,0.46618285,39.76356662,7222.004621
25.0,0.5,0.25,0.5,0.5,86.0,52.0,71.9,62.0,30.0,50.8,34.0,0.56,0.372318474,0.394461774,30.13586876,3764.319732
